movieId,genre_id
1,2
1,3
1,4
1,5
1,9
2,2
2,4
2,9
5,5
6,1
6,6
6,17
7,5
7,15
10,1
10,2
10,17
11,5
11,8
11,15
12,5
12,11
16,6
16,8
17,8
17,15
18,5
19,5
21,5
21,6
21,17
24,8
24,16
25,8
25,15
29,2
29,8
29,9
29,14
29,16
32,14
32,16
32,17
34,4
34,8
36,6
36,8
39,5
39,15
44,1
44,2
44,9
47,14
47,17
48,3
48,4
48,8
48,13
48,15
50,6
50,14
50,17
52,5
52,8
52,15
60,2
60,4
60,9
62,8
69,5
70,1
70,5
70,11
70,17
95,1
95,2
95,17
97,6
97,8
101,2
101,5
101,6
101,15
104,5
105,8
105,15
110,1
110,8
110,18
111,6
111,8
111,17
112,1
112,2
112,5
112,6
123,8
123,14
123,15
135,5
141,5
145,1
145,5
145,6
145,8
145,17
147,8
150,2
150,8
150,12
151,1
151,8
151,15
151,18
153,1
153,2
153,5
153,6
158,2
158,4
160,1
160,2
160,14
160,16
161,8
161,17
161,18
163,1
163,15
163,19
165,1
165,6
165,17
168,1
168,8
168,15
170,1
170,2
170,6
170,17
172,1
172,16
172,17
173,1
173,6
173,16
175,8
180,5
180,15
181,1
181,4
185,1
185,6
185,17
193,8
196,11
196,16
198,1
198,6
198,8
198,14
198,16
198,17
199,8
199,13
199,15
204,1
208,1
208,2
208,16
215,8
215,15
216,5
223,5
225,8
225,17
231,2
231,5
235,5
235,8
239,3
239,4
239,5
239,15
252,5
252,15
253,8
253,11
256,5
256,16
260,1
260,2
260,16
266,8
266,15
266,18
266,19
267,5
277,8
288,1
288,6
288,17
292,1
292,8
292,16
292,17
293,1
293,6
293,8
293,17
296,5
296,6
296,8
296,17
300,8
303,1
303,17
303,19
306,8
307,8
308,5
308,8
315,1
315,8
315,17
316,1
316,2
316,16
317,5
317,8
317,9
318,6
318,8
319,5
319,8
319,17
329,2
329,8
329,16
333,5
337,8
339,5
339,15
344,5
345,5
345,8
349,1
349,6
349,8
349,17
350,8
350,14
350,17
353,1
353,6
353,9
353,17
355,4
355,5
355,9
356,5
356,8
356,15
356,18
357,5
357,15
361,5
361,8
361,15
364,2
364,3
364,4
364,8
364,13
364,12
367,1
367,5
367,6
367,9
368,2
368,5
368,19
370,1
370,5
374,4
374,5
377,1
377,15
377,17
379,1
379,16
379,17
380,1
380,2
380,5
380,15
380,17
393,1
393,2
393,9
407,11
407,17
410,4
410,5
410,9
413,5
420,1
420,5
420,6
420,17
431,6
431,8
434,1
434,2
434,17
435,5
435,16
440,5
440,15
441,5
442,1
442,2
442,16
454,8
454,17
455,2
455,4
455,8
457,17
466,1
466,5
466,18
471,5
474,1
474,17
475,8
480,1
480,2
480,16
480,17
481,8
481,17
485,1
485,2
485,5
485,9
494,1
494,2
494,17
497,5
497,15
500,5
500,8
508,8
509,8
509,15
517,1
517,8
517,14
519,1
519,6
519,8
519,16
519,17
520,5
524,8
527,8
527,18
529,8
531,4
531,8
539,5
539,8
539,15
541,1
541,16
541,17
543,5
543,15
543,17
546,1
546,2
546,4
546,5
546,9
546,16
551,3
551,4
551,9
551,13
552,1
552,2
552,5
552,15
553,1
553,8
553,19
555,6
555,17
558,1
558,2
558,3
558,4
558,9
562,5
562,8
565,8
565,11
586,4
586,5
587,5
587,8
587,9
587,15
587,17
588,2
588,3
588,4
588,5
588,13
589,1
589,16
590,2
590,8
590,19
592,1
592,6
592,17
593,6
593,11
593,17
594,3
594,4
594,8
594,9
594,13
595,3
595,4
595,9
595,13
595,15
595,12
596,3
596,4
596,9
596,13
597,5
597,15
599,2
599,19
605,8
605,15
608,5
608,6
608,8
608,17
610,1
610,2
610,3
610,11
610,16
616,3
616,4
628,6
628,8
628,14
628,17
647,1
647,6
647,8
647,18
648,1
648,2
648,14
648,17
653,1
653,2
653,9
661,2
661,3
661,4
661,9
661,13
665,5
665,8
665,18
673,2
673,3
673,4
673,5
673,9
673,16
674,2
674,5
674,16
714,8
714,14
714,19
724,8
724,9
724,11
724,17
733,1
733,2
733,17
736,1
736,2
736,15
736,17
741,3
741,16
743,5
745,3
745,4
745,5
748,1
748,16
748,17
750,5
750,18
761,1
761,2
762,5
762,6
765,5
765,8
778,5
778,6
778,8
780,1
780,2
780,16
780,17
783,3
783,4
783,8
783,13
783,15
784,5
784,17
785,5
786,1
786,8
786,17
788,5
788,9
788,15
788,16
799,5
799,11
799,17
800,8
800,14
800,19
802,8
802,15
805,8
805,17
830,5
832,6
832,17
836,1
836,2
836,17
837,4
837,5
837,9
841,11
849,1
849,2
849,16
849,17
858,6
858,8
866,6
866,8
866,15
866,17
880,16
880,17
898,5
898,8
898,15
899,5
899,13
899,15
901,5
901,13
902,8
902,15
903,8
903,14
903,15
903,17
904,14
904,17
905,5
905,15
906,8
906,17
908,1
908,2
908,14
908,15
908,17
909,5
909,8
909,15
910,5
910,6
911,5
911,6
911,14
911,15
911,17
912,8
912,15
913,10
913,14
914,5
914,8
914,13
914,15
915,5
915,15
916,5
916,8
916,15
919,2
919,4
919,9
919,13
920,8
920,15
920,18
922,8
922,10
922,15
923,8
923,14
924,2
924,8
924,16
926,8
928,8
928,14
928,15
928,17
930,10
930,15
930,17
932,8
932,15
933,6
933,14
933,15
933,17
940,1
940,2
940,15
942,6
942,10
942,14
946,5
946,8
946,18
951,5
951,15
953,4
953,8
953,9
953,15
954,8
955,5
955,15
968,11
968,16
968,17
969,2
969,5
969,15
969,18
1015,2
1015,4
1015,8
1020,5
1022,3
1022,4
1022,9
1022,13
1022,15
1025,3
1025,4
1025,9
1025,13
1027,2
1027,8
1028,4
1028,5
1028,9
1028,13
1029,3
1029,4
1029,8
1029,13
1031,2
1031,4
1031,13
1032,2
1032,3
1032,4
1032,9
1032,13
1033,3
1033,4
1033,8
1035,13
1035,15
1036,1
1036,6
1036,17
1042,5
1042,8
1047,1
1047,8
1047,17
1049,1
1049,2
1059,8
1059,15
1060,5
1060,8
1061,17
1073,4
1073,5
1073,9
1073,13
1076,8
1076,11
1076,17
1077,5
1077,16
1079,5
1079,6
1080,5
1084,6
1084,8
1086,6
1086,14
1086,17
1088,8
1088,13
1088,15
1089,6
1089,14
1089,17
1090,8
1090,18
1091,5
1092,6
1092,14
1092,17
1093,8
1094,8
1094,15
1094,17
1095,8
1096,8
1097,4
1097,8
1097,16
1100,1
1100,8
1100,15
1101,1
1101,15
1103,8
1104,8
1120,5
1120,8
1125,5
1125,6
1127,1
1127,2
1127,16
1127,17
1128,11
1129,1
1129,2
1129,16
1129,17
1136,2
1136,5
1136,9
1148,3
1148,4
1148,5
1148,6
1172,8
1173,5
1173,8
1175,5
1175,8
1175,15
1176,8
1176,9
1176,15
1178,8
1178,18
1183,8
1183,15
1183,18
1185,8
1186,8
1192,7
1193,8
1194,5
1196,1
1196,2
1196,16
1197,1
1197,2
1197,5
1197,9
1197,15
1198,1
1198,2
1199,9
1199,16
1200,1
1200,2
1200,11
1200,16
1201,1
1201,2
1201,19
1202,5
1203,8
1204,2
1204,8
1204,18
1206,6
1206,8
1206,16
1206,17
1207,8
1208,1
1208,8
1208,18
1209,1
1209,8
1209,19
1210,1
1210,2
1210,16
1211,8
1211,9
1211,15
1212,10
1212,14
1212,17
1213,6
1213,8
1214,11
1214,16
1215,1
1215,2
1215,5
1215,9
1215,11
1217,8
1217,18
1219,6
1219,11
1220,1
1220,5
1220,13
1221,6
1221,8
1222,8
1222,18
1223,2
1223,3
1223,4
1223,5
1223,16
1225,8
1227,6
1227,8
1228,8
1230,5
1230,15
1231,8
1232,8
1232,14
1232,16
1233,1
1233,8
1233,18
1234,5
1234,6
1235,5
1235,8
1235,15
1237,8
1240,1
1240,16
1240,17
1241,5
1241,9
1241,11
1242,8
1242,18
1244,5
1244,8
1244,15
1245,6
1245,8
1245,10
1245,17
1246,8
1247,5
1247,8
1247,15
1248,6
1248,10
1248,17
1249,1
1249,6
1249,15
1249,17
1250,2
1250,8
1250,18
1251,8
1251,9
1252,6
1252,10
1252,14
1252,17
1253,8
1253,16
1253,17
1254,1
1254,2
1254,8
1254,19
1255,5
1255,11
1255,16
1256,5
1256,13
1256,18
1257,5
1257,15
1258,11
1259,2
1259,8
1260,6
1260,10
1260,17
1261,1
1261,5
1261,9
1261,11
1262,1
1262,2
1262,8
1262,18
1263,8
1263,18
1265,5
1265,9
1265,15
1266,8
1266,19
1267,6
1267,17
1267,18
1269,5
1269,14
1269,17
1270,2
1270,5
1270,16
1271,5
1271,6
1271,8
1272,8
1272,18
1274,1
1274,2
1274,3
1274,16
1275,1
1275,2
1275,9
1276,8
1278,5
1278,9
1279,5
1279,8
1281,5
1281,8
1281,18
1282,3
1282,4
1282,9
1282,13
1283,8
1283,19
1284,6
1284,10
1284,14
1285,5
1287,1
1287,2
1287,8
1288,5
1289,7
1291,1
1291,2
1292,5
1292,8
1293,8
1297,5
1298,8
1298,13
1299,8
1299,18
1301,8
1301,16
1302,4
1302,8
1302,9
1303,2
1303,8
1304,1
1304,19
1305,8
1305,15
1307,5
1307,15
1320,1
1320,11
1320,16
1320,17
1321,5
1321,11
1321,17
1333,11
1333,17
1339,9
1339,11
1339,15
1339,17
1340,8
1340,11
1340,16
1342,11
1342,17
1343,17
1344,6
1344,8
1344,17
1345,8
1345,9
1345,11
1345,17
1347,11
1347,17
1348,11
1350,11
1350,14
1350,17
1354,8
1354,14
1356,1
1356,2
1356,16
1356,17
1358,8
1359,4
1359,5
1367,2
1367,4
1367,5
1370,1
1370,2
1370,17
1371,2
1371,16
1372,1
1372,14
1372,16
1373,1
1373,16
1374,1
1374,2
1374,16
1374,17
1375,1
1375,2
1375,16
1376,2
1376,5
1376,16
1377,1
1377,6
1378,1
1378,5
1378,19
1380,5
1380,13
1380,15
1385,1
1385,8
1385,17
1387,1
1387,11
1391,1
1391,5
1391,16
1393,8
1393,15
1394,5
1396,1
1396,5
1396,6
1396,8
1396,16
1405,2
1405,3
1405,5
1405,6
1407,5
1407,11
1407,14
1407,17
1408,1
1408,15
1408,18
1408,19
1438,1
1438,17
1441,5
1441,15
1449,5
1459,14
1459,17
1464,6
1464,8
1464,9
1464,10
1464,14
1464,15
1466,6
1466,8
1483,8
1483,17
1485,5
1499,1
1499,2
1499,17
1500,5
1500,6
1500,15
1513,5
1517,1
1517,2
1517,5
1527,1
1527,2
1527,5
1527,16
1544,1
1544,2
1544,16
1544,17
1552,1
1552,2
1552,17
1556,1
1556,15
1556,17
1562,1
1562,2
1562,9
1562,17
1566,2
1566,3
1566,4
1566,5
1566,13
1569,5
1569,15
1573,1
1573,6
1573,8
1573,17
1580,1
1580,5
1580,16
1584,8
1584,16
1586,1
1586,8
1587,1
1587,2
1587,9
1588,4
1588,5
1590,11
1590,16
1590,17
1591,1
1591,2
1591,16
1591,17
1597,8
1597,14
1597,15
1597,17
1603,11
1603,16
1603,17
1608,1
1608,17
1610,1
1610,2
1610,17
1611,8
1611,15
1617,6
1617,10
1617,14
1617,17
1619,2
1619,8
1619,18
1620,6
1620,8
1620,14
1620,17
1625,8
1625,14
1625,17
1635,8
1639,5
1639,8
1639,15
1641,5
1641,8
1644,11
1644,14
1644,17
1645,8
1645,14
1645,17
1653,8
1653,16
1653,17
1663,5
1663,18
1665,5
1672,8
1673,8
1674,8
1674,15
1674,17
1676,1
1676,16
1680,8
1680,15
1681,1
1681,2
1681,9
1682,5
1682,8
1682,16
1687,1
1687,17
1688,2
1688,3
1688,4
1688,8
1688,13
1689,5
1689,6
1689,17
1690,1
1690,11
1690,16
1693,8
1693,14
1702,4
1702,5
1702,9
1704,8
1704,15
1707,4
1707,5
1713,4
1713,5
1717,5
1717,11
1717,14
1717,17
1721,8
1721,15
1722,1
1722,2
1722,17
1726,1
1726,2
1726,8
1726,16
1729,6
1729,8
1729,17
1732,5
1732,6
1747,5
1748,2
1748,10
1748,16
1748,17
1754,6
1754,8
1754,9
1754,17
1777,5
1777,15
1779,16
1779,17
1784,5
1784,8
1784,15
1792,1
1792,6
1792,17
1799,5
1799,6
1799,8
1799,14
1799,17
1801,1
1801,2
1801,8
1805,6
1805,8
1805,14
1805,17
1831,1
1831,2
1831,16
1833,1
1833,8
1833,17
1835,8
1835,9
1835,15
1873,6
1873,8
1873,15
1873,18
1876,8
1876,16
1876,17
1882,1
1882,16
1882,17
1884,2
1884,5
1884,8
1892,17
1894,2
1894,5
1894,15
1895,5
1895,8
1895,15
1900,5
1900,8
1907,2
1907,3
1907,4
1907,5
1907,8
1907,13
1907,15
1909,1
1909,6
1909,14
1909,16
1909,17
1911,5
1912,5
1912,6
1912,8
1912,15
1912,17
1913,8
1913,14
1917,1
1917,15
1917,16
1917,17
1918,1
1918,5
1918,6
1918,17
1920,3
1920,4
1920,9
1920,18
1921,8
1921,16
1921,17
1923,5
1923,15
1939,8
1939,18
1945,6
1945,8
1947,8
1947,13
1947,15
1950,8
1950,14
1952,8
1953,1
1953,6
1953,17
1954,8
1955,8
1957,8
1959,8
1959,15
1961,8
1962,8
1964,8
1964,14
1965,5
1965,16
1967,2
1967,9
1967,13
1968,5
1968,8
1969,11
1970,11
1970,17
1974,11
1974,14
1974,17
1975,11
1977,11
1979,11
1982,11
1983,11
1984,11
1991,11
1991,17
1994,11
1994,17
1997,11
1997,14
2000,1
2000,5
2000,6
2000,8
2001,1
2001,5
2001,6
2001,8
2002,1
2002,5
2002,6
2002,8
2003,5
2003,11
2004,5
2004,11
2005,1
2005,2
2005,4
2005,5
2005,9
2006,1
2006,5
2006,15
2009,8
2009,14
2009,16
2009,17
2010,8
2010,16
2011,2
2011,5
2011,16
2012,2
2012,5
2012,16
2012,19
2018,3
2018,4
2018,8
2019,1
2019,2
2019,8
2021,2
2021,16
2023,6
2023,8
2023,14
2023,17
2025,8
2025,15
2028,1
2028,8
2028,18
2033,2
2033,3
2033,4
2033,9
2052,4
2052,5
2052,9
2052,11
2053,4
2053,5
2053,16
2054,2
2054,4
2054,5
2054,9
2054,16
2058,1
2058,6
2058,8
2058,14
2058,17
2059,4
2059,5
2059,15
2060,5
2065,5
2065,8
2065,9
2065,15
2066,10
2067,8
2067,15
2067,18
2072,5
2076,8
2076,14
2076,17
2078,3
2078,4
2078,5
2078,13
2080,3
2080,4
2080,5
2080,15
2081,3
2081,4
2081,5
2081,13
2081,15
2083,4
2083,5
2083,13
2085,2
2085,3
2085,4
2087,3
2087,4
2087,9
2087,13
2090,2
2090,3
2090,4
2090,6
2090,8
2096,3
2096,4
2096,13
2100,5
2100,9
2100,15
2105,1
2105,2
2105,16
2109,5
2115,1
2115,2
2115,9
2116,2
2116,3
2116,4
2116,9
2117,8
2117,16
2122,11
2122,17
2123,3
2123,4
2123,5
2123,8
2123,9
2124,4
2124,5
2124,9
2125,5
2125,8
2125,15
2126,1
2126,6
2126,14
2126,17
2133,2
2133,5
2134,5
2134,9
2134,16
2140,2
2140,9
2143,2
2143,9
2143,15
2144,5
2144,15
2145,5
2145,8
2145,15
2146,8
2146,15
2153,1
2153,2
2159,6
2159,11
2159,17
2160,8
2160,11
2160,17
2161,2
2161,4
2161,9
2167,1
2167,11
2167,17
2174,5
2174,9
2176,6
2176,8
2176,17
2178,17
2181,8
2181,14
2181,15
2181,17
2183,2
2183,8
2183,14
2183,17
2184,5
2184,14
2186,6
2186,8
2186,10
2186,17
2193,1
2193,2
2193,9
2194,1
2194,6
2194,8
2203,6
2203,8
2203,17
2208,8
2208,14
2208,17
2231,8
2232,11
2232,14
2232,16
2232,17
2245,5
2245,8
2245,15
2248,5
2248,8
2248,15
2253,5
2253,9
2268,6
2268,8
2268,17
2273,1
2273,5
2273,6
2273,17
2278,1
2278,6
2278,17
2288,1
2288,11
2288,16
2288,17
2289,5
2289,6
2289,8
2291,8
2291,9
2291,15
2294,2
2294,3
2294,4
2294,5
2294,9
2297,2
2297,8
2297,9
2297,15
2300,5
2301,5
2301,13
2302,5
2311,16
2313,8
2316,8
2316,9
2316,14
2316,15
2318,5
2318,8
2321,5
2321,8
2321,9
2324,5
2324,8
2324,15
2324,18
2328,11
2328,19
2329,6
2329,8
2335,5
2336,8
2338,11
2338,14
2338,17
2340,15
2353,1
2353,17
2355,2
2355,3
2355,4
2355,5
2359,5
2360,8
2366,1
2366,2
2366,9
2366,11
2367,2
2367,9
2367,15
2367,16
2367,17
2371,5
2371,6
2371,14
2376,1
2376,2
2376,17
2377,11
2377,16
2378,5
2378,6
2379,5
2379,6
2380,5
2380,6
2383,5
2383,6
2384,2
2384,4
2384,8
2391,6
2391,8
2391,17
2392,4
2392,5
2392,8
2393,1
2393,8
2393,15
2393,16
2394,3
2394,13
2395,5
2395,8
2396,5
2396,8
2396,15
2398,5
2398,8
2402,1
2402,2
2402,17
2403,1
2403,2
2403,8
2403,17
2404,1
2404,2
2404,17
2404,18
2405,1
2405,2
2405,5
2405,15
2406,1
2406,2
2406,5
2406,15
2409,1
2409,8
2410,1
2410,8
2411,1
2411,8
2412,1
2412,8
2413,5
2413,6
2413,14
2413,17
2420,8
2421,1
2421,2
2421,8
2423,5
2424,5
2424,15
2427,1
2427,8
2427,18
2428,11
2428,16
2431,5
2431,8
2454,11
2454,14
2454,16
2455,8
2455,11
2455,16
2455,17
2459,11
2467,6
2467,8
2467,14
2467,17
2470,2
2470,5
2471,1
2471,2
2471,5
2476,1
2476,18
2478,5
2478,19
2485,5
2485,15
2490,1
2490,17
2495,3
2495,16
2496,5
2496,15
2501,8
2502,5
2502,6
2505,8
2505,14
2505,17
2511,6
2511,10
2513,11
2519,8
2519,11
2519,17
2527,1
2527,16
2527,17
2527,19
2528,1
2528,2
2528,16
2529,1
2529,8
2529,16
2539,5
2541,8
2542,5
2542,6
2542,17
2550,11
2550,17
2565,8
2565,13
2565,15
2571,1
2571,16
2571,17
2572,5
2572,15
2579,6
2579,14
2579,17
2580,5
2580,6
2581,5
2581,15
2596,5
2596,8
2598,5
2599,5
2600,1
2600,16
2600,17
2605,6
2605,17
2617,1
2617,2
2617,5
2617,9
2617,11
2617,17
2628,1
2628,2
2628,16
2640,1
2640,2
2640,16
2641,1
2641,16
2642,1
2642,2
2642,16
2643,1
2643,2
2643,16
2644,11
2648,8
2648,11
2648,16
2657,5
2657,11
2657,13
2657,16
2662,1
2662,8
2662,16
2664,11
2664,16
2664,17
2671,5
2671,15
2672,8
2672,16
2672,17
2683,1
2683,2
2683,5
2687,2
2687,3
2687,4
2687,8
2692,1
2692,6
2694,5
2699,5
2699,11
2700,3
2700,5
2700,13
2701,1
2701,5
2701,16
2701,19
2706,5
2706,15
2707,17
2710,8
2710,11
2710,17
2712,8
2712,14
2712,17
2716,1
2716,5
2716,16
2717,5
2717,9
2717,16
2720,1
2720,2
2720,4
2720,5
2722,1
2722,11
2722,16
2722,17
2723,1
2723,5
2723,9
2724,5
2724,15
2726,6
2726,10
2728,1
2728,8
2728,15
2728,18
2729,8
2729,15
2730,8
2730,15
2730,18
2731,6
2731,8
2732,8
2732,15
2739,8
2746,5
2746,11
2746,13
2761,2
2761,3
2761,4
2761,8
2761,16
2762,8
2762,11
2762,14
2763,1
2763,14
2770,5
2788,5
2791,5
2792,5
2794,2
2794,5
2794,15
2795,5
2797,5
2797,8
2797,9
2797,15
2803,6
2803,8
2803,14
2803,15
2803,17
2804,4
2804,5
2808,1
2808,16
2810,3
2810,11
2810,14
2810,17
2819,8
2819,14
2819,15
2819,17
2826,1
2826,2
2826,9
2840,8
2840,17
2843,5
2843,15
2858,8
2858,15
2863,2
2863,5
2863,13
2867,5
2867,11
2867,17
2871,2
2871,8
2871,17
2881,1
2881,6
2881,8
2881,17
2890,1
2890,2
2890,5
2890,8
2890,18
2901,11
2901,16
2908,8
2912,6
2912,8
2912,17
2915,5
2916,1
2916,2
2916,16
2916,17
2918,5
2921,19
2927,8
2927,15
2932,8
2942,8
2942,15
2947,1
2947,2
2947,17
2948,1
2948,2
2948,17
2949,1
2949,2
2949,17
2951,1
2951,19
2952,6
2952,8
2952,17
2953,4
2953,5
2959,1
2959,6
2959,8
2959,17
2966,2
2966,8
2968,2
2968,5
2968,9
2968,16
2970,2
2970,8
2971,8
2971,9
2971,13
2973,5
2973,6
2973,8
2976,8
2985,1
2985,6
2985,8
2985,16
2985,17
2986,1
2986,6
2986,16
2986,17
2987,2
2987,3
2987,4
2987,5
2987,6
2987,9
2987,14
2989,1
2989,2
2989,17
2990,1
2990,2
2990,17
2991,1
2991,2
2991,17
2993,1
2993,2
2993,17
2997,5
2997,8
2997,9
3000,1
3000,2
3000,3
3000,8
3000,9
3005,17
3006,8
3006,17
3016,11
3018,5
3018,11
3018,16
3020,1
3020,8
3022,5
3022,18
3030,1
3030,2
3033,5
3033,16
3034,2
3034,3
3034,4
3034,5
3034,13
3039,5
3040,5
3052,2
3052,5
3052,9
3054,2
3054,3
3054,4
3054,9
3054,16
3066,1
3066,8
3066,18
3068,8
3068,14
3070,2
3070,5
3070,16
3072,5
3072,15
3081,9
3081,11
3081,14
3081,15
3082,1
3082,2
3082,17
3083,8
3087,5
3087,9
3087,15
3089,8
3091,8
3091,18
3095,8
3097,5
3097,8
3097,15
3101,8
3101,17
3104,1
3104,5
3104,6
3104,17
3105,8
3105,14
3108,5
3108,8
3108,9
3108,15
3113,1
3113,9
3113,11
3113,14
3113,17
3114,2
3114,3
3114,4
3114,5
3114,9
3146,5
3147,6
3147,8
3148,8
3156,8
3156,15
3156,16
3157,4
3157,5
3157,9
3159,3
3159,4
3159,13
3159,12
3160,8
3168,2
3168,8
3173,8
3174,5
3174,8
3175,2
3175,5
3175,16
3176,8
3176,14
3176,17
3178,8
3186,8
3198,6
3198,8
3210,5
3210,8
3210,15
3213,3
3213,4
3247,5
3247,6
3248,5
3250,8
3252,8
3253,5
3254,5
3255,5
3255,8
3256,1
3256,6
3256,8
3256,17
3257,8
3257,15
3257,17
3258,5
3258,9
3262,6
3262,8
3262,14
3262,17
3263,5
3263,8
3265,1
3265,6
3265,8
3265,17
3268,1
3268,5
3271,8
3273,5
3273,11
3273,14
3273,17
3275,1
3275,6
3275,8
3275,17
3285,2
3285,8
3296,8
3298,6
3298,8
3298,17
3300,11
3300,16
3300,17
3301,5
3301,6
3307,5
3307,8
3307,15
3310,5
3310,8
3328,6
3328,8
3355,9
3355,11
3355,14
3355,17
3361,5
3361,8
3361,15
3362,6
3362,8
3363,5
3363,8
3365,8
3365,19
3384,1
3384,6
3386,8
3386,14
3386,17
3398,4
3398,5
3398,13
3408,8
3409,8
3409,17
3415,8
3418,2
3418,6
3418,8
3421,5
3424,8
3430,1
3430,6
3430,8
3435,6
3435,8
3435,10
3438,1
3438,4
3438,5
3438,9
3438,16
3441,1
3441,8
3441,18
3444,1
3448,5
3448,8
3448,18
3450,5
3452,1
3452,6
3452,15
3452,17
3462,5
3462,8
3462,15
3468,8
3471,2
3471,8
3471,16
3476,11
3476,14
3481,5
3481,8
3481,15
3483,3
3483,4
3484,17
3489,2
3489,5
3489,9
3499,8
3499,11
3499,17
3503,8
3503,14
3503,16
3504,5
3504,8
3505,8
3505,14
3505,17
3510,8
3510,17
3527,1
3527,16
3527,17
3534,8
3535,6
3535,11
3535,14
3535,17
3536,5
3536,8
3536,15
3545,8
3545,13
3546,8
3546,11
3546,17
3552,5
3555,1
3555,17
3555,18
3556,8
3556,15
3578,1
3578,2
3578,8
3593,1
3593,16
3608,2
3608,5
3615,2
3615,3
3615,4
3617,5
3621,8
3621,11
3623,1
3623,2
3623,17
3624,1
3624,2
3624,5
3624,19
3629,2
3629,5
3629,15
3633,1
3633,2
3633,15
3633,17
3635,1
3635,2
3635,17
3638,1
3638,2
3638,16
3638,17
3639,1
3639,2
3639,17
3645,8
3646,5
3671,5
3671,19
3676,8
3676,11
3681,1
3681,8
3681,17
3681,19
3683,6
3683,8
3683,10
3686,11
3686,16
3686,17
3697,1
3697,16
3697,17
3698,1
3698,16
3702,1
3702,2
3702,16
3703,1
3703,2
3703,16
3703,17
3704,1
3704,2
3704,16
3706,10
3706,11
3706,14
3706,17
3717,1
3717,6
3730,8
3730,14
3735,6
3735,8
3736,8
3740,1
3740,2
3740,5
3740,9
3741,6
3741,8
3741,17
3742,8
3742,18
3744,1
3744,6
3744,17
3745,1
3745,2
3745,3
3745,4
3745,16
3751,3
3751,4
3751,5
3752,2
3752,5
3753,1
3753,8
3753,18
3755,8
3755,17
3785,5
3785,11
3786,5
3788,8
3788,14
3791,8
3793,1
3793,2
3793,16
3798,8
3798,11
3798,14
3801,8
3801,14
3809,5
3819,5
3821,5
3825,5
3825,8
3825,15
3826,11
3826,16
3826,17
3827,1
3827,2
3827,5
3827,16
3863,8
3863,11
3863,17
3868,1
3868,5
3868,6
3868,15
3869,5
3882,5
3896,6
3896,17
3897,8
3910,8
3910,13
3911,5
3916,8
3917,11
3918,11
3948,5
3949,8
3959,1
3959,2
3959,16
3967,8
3968,5
3969,8
3977,1
3977,5
3979,5
3980,8
3984,1
3984,2
3984,17
3986,1
3986,16
3986,17
3988,4
3988,5
3988,9
3991,4
3991,5
3994,8
3994,16
3996,1
3996,8
3996,15
3997,1
3997,2
3997,5
3997,9
3999,1
3999,2
4002,5
4005,1
4005,2
4005,17
4007,8
4008,8
4008,18
4010,5
4011,5
4011,6
4011,17
4014,8
4014,15
4015,5
4015,16
4016,2
4016,3
4016,4
4016,5
4016,9
4018,5
4018,15
4019,8
4020,17
4022,8
4023,5
4023,8
4023,15
4025,5
4025,6
4027,2
4027,5
4027,6
4033,8
4033,17
4033,18
4034,6
4034,8
4034,17
4036,8
4036,11
4041,8
4041,15
4069,5
4069,15
4084,1
4084,5
4084,6
4084,17
4085,1
4085,5
4085,6
4085,8
4105,9
4105,11
4105,17
4128,5
4128,11
4128,17
4144,8
4144,15
4148,11
4148,17
4161,1
4161,5
4210,1
4210,6
4210,8
4210,11
4210,17
4214,5
4223,8
4223,18
4226,14
4226,17
4232,1
4232,2
4232,4
4232,5
4235,8
4235,17
4238,1
4238,6
4238,14
4238,17
4239,6
4239,8
4246,5
4246,8
4246,15
4247,2
4247,5
4247,14
4247,15
4262,1
4262,6
4262,8
4270,1
4270,2
4270,5
4270,17
4291,5
4291,6
4299,1
4299,5
4299,15
4306,2
4306,3
4306,4
4306,5
4306,9
4306,15
4308,8
4308,13
4308,15
4310,1
4310,8
4310,15
4310,18
4325,8
4326,6
4326,8
4326,17
4327,2
4327,19
4329,19
4340,5
4343,5
4343,16
4344,1
4344,6
4344,8
4351,1
4351,6
4351,17
4356,5
4356,13
4356,15
4359,5
4361,5
4361,15
4366,2
4366,3
4366,4
4366,9
4367,1
4367,2
4368,5
4369,1
4369,6
4369,17
4370,2
4370,8
4370,16
4383,6
4383,8
4383,14
4383,17
4386,4
4386,5
4388,5
4406,6
4406,8
4406,19
4410,5
4410,6
4410,8
4422,8
4437,11
4446,2
4446,3
4446,9
4446,16
4447,5
4447,15
4448,1
4448,8
4467,2
4467,5
4467,9
4489,5
4489,15
4499,5
4519,2
4519,3
4519,4
4519,9
4533,5
4533,11
4533,16
4545,5
4545,16
4546,8
4546,17
4553,1
4553,16
4553,17
4558,5
4571,2
4571,5
4571,16
4614,1
4621,5
4621,15
4623,5
4638,1
4638,2
4638,16
4638,17
4639,5
4639,15
4641,5
4641,8
4642,5
4642,8
4642,13
4643,1
4643,2
4643,8
4643,16
4645,6
4645,11
4645,17
4649,5
4654,1
4654,8
4673,1
4673,5
4673,6
4673,17
4678,5
4680,5
4680,9
4680,11
4700,4
4700,5
4700,15
4701,1
4701,5
4718,5
4719,1
4719,3
4719,5
4719,6
4719,8
4719,15
4719,17
4720,8
4720,11
4720,14
4720,17
4725,11
4725,17
4728,5
4734,2
4734,5
4744,11
4754,8
4754,11
4754,14
4754,17
4776,6
4776,8
4776,17
4816,5
4823,5
4823,15
4844,5
4844,6
4844,15
4848,6
4848,8
4848,10
4848,14
4848,17
4855,1
4855,6
4855,17
4857,8
4857,13
4865,6
4865,11
4865,14
4865,17
4866,1
4873,3
4873,8
4873,9
4874,8
4874,9
4874,14
4874,16
4876,11
4876,17
4878,8
4878,14
4878,16
4878,17
4881,6
4881,8
4886,2
4886,3
4886,4
4886,5
4886,9
4887,1
4887,16
4887,17
4889,6
4889,8
4890,5
4890,9
4890,15
4896,2
4896,4
4896,9
4901,1
4901,6
4901,8
4901,17
4902,8
4902,9
4902,11
4902,17
4902,18
4914,6
4914,8
4914,15
4932,14
4932,17
4941,1
4941,2
4941,16
4958,1
4958,8
4958,18
4963,6
4963,17
4973,5
4973,15
4974,5
4975,14
4975,15
4975,16
4975,17
4979,5
4979,8
4980,2
4980,5
4980,9
4980,16
4990,2
4990,3
4990,4
4990,5
4992,5
4992,15
4993,2
4993,9
4995,8
4995,15
5008,8
5008,14
5008,17
5009,8
5010,1
5010,8
5010,18
5013,5
5013,8
5013,14
5014,8
5015,8
5015,15
5026,1
5026,14
5026,17
5047,1
5047,5
5049,1
5049,5
5049,6
5049,8
5060,5
5060,8
5060,18
5064,1
5064,2
5064,8
5064,17
5066,8
5066,15
5103,4
5103,5
5103,8
5105,8
5105,11
5105,17
5108,6
5108,8
5108,17
5110,5
5110,6
5110,14
5120,5
5120,14
5120,17
5128,9
5128,11
5146,3
5146,9
5146,11
5146,16
5147,8
5151,5
5151,15
5152,1
5152,8
5152,18
5171,1
5171,2
5171,16
5218,2
5218,3
5218,4
5218,5
5219,1
5219,11
5219,16
5219,17
5225,8
5225,15
5247,1
5247,5
5254,1
5254,11
5254,17
5266,17
5291,6
5291,8
5291,14
5293,8
5293,17
5294,6
5294,8
5294,17
5296,5
5296,15
5299,5
5299,15
5313,1
5313,2
5313,9
5313,17
5349,1
5349,2
5349,16
5349,17
5364,8
5364,17
5377,5
5377,8
5377,15
5378,1
5378,2
5378,16
5378,12
5388,1
5388,6
5388,8
5388,14
5388,17
5389,2
5389,3
5389,4
5389,19
5400,8
5400,17
5401,5
5410,8
5410,16
5418,1
5418,14
5418,17
5419,2
5419,4
5419,5
5419,9
5419,14
5420,1
5420,8
5420,18
5444,2
5444,3
5444,4
5444,16
5445,1
5445,6
5445,14
5445,16
5445,17
5449,5
5449,15
5459,1
5459,5
5459,16
5463,1
5463,2
5463,9
5464,6
5464,8
5475,8
5475,14
5475,17
5477,8
5477,15
5478,1
5478,5
5478,11
5478,16
5480,4
5480,5
5481,5
5489,11
5500,5
5502,11
5502,16
5502,17
5504,2
5504,4
5505,5
5505,8
5507,1
5507,6
5507,17
5528,8
5528,17
5541,1
5541,5
5541,15
5541,18
5572,5
5574,1
5574,6
5608,8
5608,17
5617,5
5617,8
5617,15
5618,2
5618,3
5618,9
5620,5
5620,15
5621,1
5621,5
5630,6
5630,14
5630,17
5632,8
5669,7
5673,5
5673,8
5673,15
5679,11
5679,14
5679,17
5686,8
5686,9
5686,18
5690,3
5690,8
5690,18
5693,5
5693,8
5693,15
5712,14
5712,17
5772,8
5784,11
5785,1
5785,5
5785,7
5791,8
5791,15
5803,1
5803,2
5803,5
5803,6
5804,4
5804,5
5804,9
5804,15
5810,8
5816,2
5816,9
5853,11
5853,16
5853,17
5867,6
5867,8
5867,17
5872,1
5872,2
5872,17
5878,8
5878,15
5881,8
5881,15
5881,16
5882,2
5882,3
5882,4
5882,16
5882,12
5900,5
5900,6
5902,5
5902,8
5902,15
5903,1
5903,16
5903,17
5942,5
5943,5
5943,15
5944,1
5944,8
5944,16
5944,17
5945,5
5945,8
5952,2
5952,9
5954,6
5954,8
5956,6
5956,8
5957,5
5957,15
5970,5
5970,8
5970,15
5971,3
5971,4
5971,8
5971,9
5980,11
5980,14
5980,17
5989,6
5989,8
5991,5
5991,6
5991,8
5991,13
5992,8
5992,15
5995,8
5995,18
6001,5
6001,8
6003,5
6003,6
6003,8
6003,17
6006,5
6006,15
6016,1
6016,2
6016,6
6016,8
6016,17
6058,11
6058,17
6059,1
6059,17
6093,3
6093,4
6093,9
6155,5
6155,15
6156,1
6156,2
6156,5
6157,1
6157,6
6166,5
6187,6
6187,8
6187,17
6188,5
6197,8
6197,14
6213,1
6213,8
6213,17
6214,6
6214,8
6214,14
6214,17
6218,5
6218,8
6218,15
6242,11
6242,14
6242,17
6250,8
6250,11
6250,16
6250,17
6254,5
6254,15
6264,1
6264,8
6264,16
6264,17
6273,8
6273,10
6273,14
6273,15
6281,8
6281,17
6283,1
6283,3
6283,16
6283,17
6287,5
6290,11
6296,5
6296,13
6297,2
6297,4
6297,5
6297,14
6323,6
6323,11
6323,14
6323,17
6333,1
6333,2
6333,16
6333,17
6338,4
6338,5
6350,1
6350,2
6350,3
6350,4
6350,9
6350,16
6365,1
6365,2
6365,16
6365,17
6365,12
6367,5
6367,15
6373,5
6373,8
6373,9
6373,15
6377,2
6377,3
6377,4
6377,5
6378,1
6378,6
6383,1
6383,6
6383,17
6385,8
6433,7
6440,8
6440,17
6460,8
6482,5
6502,1
6502,11
6502,16
6503,1
6503,2
6503,5
6503,6
6503,17
6534,1
6534,2
6534,16
6535,5
6537,1
6537,2
6537,16
6538,8
6538,14
6538,17
6539,1
6539,2
6539,5
6539,9
6541,1
6541,9
6541,16
6548,1
6548,5
6548,6
6548,17
6550,1
6550,5
6550,17
6552,6
6552,8
6552,17
6564,1
6564,2
6564,5
6564,15
6564,17
6565,8
6566,1
6566,2
6566,4
6586,5
6593,4
6593,5
6593,9
6595,1
6595,17
6615,1
6615,11
6615,17
6618,1
6618,5
6643,8
6645,1
6645,2
6645,8
6645,16
6659,5
6659,11
6659,16
6660,8
6660,9
6660,13
6660,15
6662,5
6662,6
6664,1
6664,2
6666,5
6666,8
6666,9
6669,8
6707,11
6707,17
6708,5
6708,6
6708,8
6709,1
6709,2
6709,6
6709,17
6711,5
6711,8
6711,15
6713,3
6713,8
6713,15
6731,11
6731,16
6731,17
6754,1
6754,9
6754,11
6755,5
6755,11
6764,1
6764,2
6764,5
6765,5
6765,8
6765,15
6773,3
6773,5
6773,9
6774,9
6774,11
6774,16
6774,17
6787,8
6787,17
6793,4
6793,5
6793,8
6794,4
6794,5
6796,6
6796,8
6807,5
6818,8
6818,18
6820,8
6820,11
6820,17
6863,5
6863,13
6867,5
6867,8
6870,6
6870,8
6870,14
6873,5
6873,15
6874,1
6874,6
6874,17
6879,8
6879,17
6880,11
6888,5
6888,11
6889,2
6889,3
6889,4
6890,8
6893,1
6893,5
6893,6
6902,2
6902,5
6902,8
6902,9
6902,14
6902,16
6902,17
6920,6
6920,17
6934,1
6934,2
6934,16
6934,17
6934,12
6936,4
6936,5
6936,9
6942,5
6942,8
6942,15
6944,5
6946,1
6946,3
6946,4
6946,9
6947,2
6947,8
6947,18
6951,4
6951,5
6952,11
6952,17
6953,6
6953,8
6953,14
6953,15
6953,17
6957,5
6957,6
6958,4
6958,5
6958,9
6958,11
6975,8
6975,11
6975,17
6979,8
6979,16
6979,17
6985,8
6987,6
6987,9
6987,11
6993,5
6993,8
6993,15
7001,11
7001,14
7001,16
7001,17
7007,1
7007,5
7007,6
7007,8
7007,17
7008,8
7008,15
7013,8
7013,10
7013,17
7022,1
7022,8
7022,11
7022,17
7024,8
7043,8
7044,6
7044,8
7044,14
7044,15
7044,17
7045,4
7045,9
7063,2
7063,8
7070,1
7070,2
7070,19
7071,8
7072,1
7072,8
7072,15
7072,19
7076,1
7076,6
7076,8
7076,17
7090,1
7090,2
7090,8
7099,2
7099,3
7099,8
7099,9
7099,16
7116,11
7116,14
7116,17
7123,8
7123,9
7123,14
7123,16
7143,1
7143,2
7143,8
7143,18
7147,8
7147,9
7147,15
7149,5
7149,8
7149,15
7151,8
7151,15
7153,1
7153,2
7153,8
7153,9
7156,7
7156,18
7158,8
7160,6
7160,8
7161,4
7161,5
7162,8
7162,15
7162,18
7163,1
7163,16
7163,17
7164,1
7164,2
7164,4
7164,9
7173,5
7173,15
7225,7
7236,16
7254,8
7254,16
7254,17
7256,2
7256,7
7265,8
7285,8
7293,5
7293,15
7317,2
7317,5
7318,8
7323,5
7323,8
7324,2
7324,8
7325,1
7325,5
7325,6
7325,17
7327,8
7346,5
7346,15
7347,14
7347,17
7360,1
7360,8
7360,11
7360,17
7361,8
7361,15
7361,16
7367,5
7367,6
7371,8
7371,14
7371,17
7373,1
7373,2
7373,9
7373,11
7380,5
7380,9
7380,15
7386,2
7386,8
7387,1
7387,8
7387,11
7419,5
7419,17
7438,1
7438,8
7438,17
7439,1
7439,6
7439,17
7444,5
7444,9
7444,15
7445,1
7445,6
7445,8
7445,14
7445,17
7451,5
7454,1
7454,2
7454,9
7454,11
7458,1
7458,2
7458,8
7458,18
7460,5
7460,8
7482,1
7482,6
7569,1
7569,2
7569,16
7569,17
7570,1
7570,2
7570,17
7573,1
7573,2
7573,17
7587,6
7587,8
7587,17
7616,14
7616,17
7669,8
7669,15
7713,8
7713,11
7713,15
7713,17
7766,1
7766,8
7766,17
7766,18
7802,1
7802,2
7802,6
7802,17
7981,6
7981,8
7981,17
7982,8
7982,11
7982,14
7982,17
8014,8
8033,5
8033,6
8033,15
8042,6
8042,8
8154,8
8195,8
8195,14
8195,15
8199,8
8199,17
8207,6
8207,17
8225,11
8340,8
8340,17
8360,2
8360,3
8360,4
8360,5
8360,13
8360,15
8361,1
8361,2
8361,8
8361,16
8361,17
8366,5
8366,8
8368,2
8368,9
8368,12
8369,1
8369,6
8369,11
8369,14
8369,17
8371,1
8371,16
8371,17
8372,3
8372,4
8372,5
8373,5
8373,9
8373,17
8376,5
8464,5
8464,7
8464,8
8477,15
8477,16
8491,6
8491,8
8491,10
8507,6
8507,8
8507,11
8528,5
8529,5
8529,8
8529,15
8531,1
8531,5
8531,6
8533,8
8533,15
8604,1
8604,5
8620,5
8620,8
8620,9
8620,14
8622,7
8623,5
8623,15
8636,1
8636,2
8636,16
8636,12
8638,8
8638,15
8640,1
8640,2
8640,8
8640,18
8641,5
8644,1
8644,2
8644,16
8644,17
8665,1
8665,6
8665,17
8666,1
8666,6
8666,9
8781,17
8783,8
8783,14
8783,17
8784,5
8784,8
8784,15
8798,1
8798,6
8798,8
8798,17
8807,2
8807,5
8808,5
8808,15
8810,1
8810,11
8810,16
8810,17
8860,1
8860,6
8860,8
8860,14
8860,17
8861,1
8861,11
8861,16
8861,17
8865,1
8865,2
8865,16
8866,5
8866,15
8870,8
8870,14
8870,16
8870,17
8873,2
8873,8
8874,5
8874,11
8879,6
8879,14
8879,17
8907,3
8907,4
8907,5
8914,8
8914,16
8917,1
8917,2
8917,3
8917,5
8939,16
8939,17
8947,11
8947,14
8947,17
8949,5
8949,8
8949,15
8950,8
8950,14
8950,17
8957,11
8957,14
8957,17
8958,8
8961,1
8961,2
8961,3
8961,4
8961,5
8965,2
8965,3
8965,4
8965,9
8965,12
8966,8
8969,5
8969,8
8969,15
8970,8
8972,1
8972,2
8972,8
8972,14
8972,17
8974,2
8974,3
8974,4
8974,5
8981,8
8981,15
8983,1
8983,8
8983,15
8984,1
8984,5
8984,6
8984,17
8985,1
8985,9
8985,11
8985,17
25750,5
25750,9
25750,15
25771,9
26082,8
26131,8
26131,18
26133,3
26133,4
26133,5
26236,1
26236,2
26236,5
26236,8
26236,15
26236,18
26240,8
26240,17
26240,18
26326,8
26393,1
26393,17
26492,9
26492,11
26492,16
26492,17
26578,8
26662,2
26662,3
26662,4
26662,8
26662,9
26699,8
26776,2
26776,3
26776,5
26776,9
26776,15
26903,3
26903,8
26903,15
26974,8
27156,1
27156,3
27156,8
27156,9
27156,16
27317,8
27317,11
27317,14
27317,15
27317,17
27478,5
27482,11
27482,14
27482,16
27660,1
27660,3
27660,8
27660,16
27706,2
27706,4
27706,5
27706,9
27728,1
27728,3
27728,8
27728,16
27728,17
27772,11
27773,14
27773,17
27788,8
27788,14
27788,16
27788,17
27790,4
27790,5
27790,6
27790,8
27790,9
27803,8
27808,5
27808,8
27808,15
27815,8
27821,8
27821,17
27831,6
27831,8
27831,17
27838,8
27838,17
27904,3
27904,8
27904,14
27904,16
27904,17
30707,8
30749,8
30749,18
30793,2
30793,4
30793,5
30793,9
30793,12
30810,2
30810,5
30810,9
30812,8
30816,8
30816,13
30816,15
30822,5
30822,8
30825,5
31184,1
31184,3
31184,9
31184,16
31221,1
31221,2
31221,6
31221,8
31225,8
31364,6
31364,8
31364,14
31364,17
31410,8
31410,18
31427,11
31427,14
31427,17
31658,2
31658,3
31658,9
31658,15
31660,1
31660,3
31660,8
31660,16
31685,5
31685,15
31696,1
31696,9
31696,11
31696,17
31878,1
31878,5
31952,5
31952,6
31952,8
31952,14
32017,1
32017,5
32019,5
32019,6
32019,13
32031,2
32031,3
32031,4
32031,5
32031,9
32031,16
32031,12
32296,2
32296,5
32296,6
32460,1
32460,5
32460,6
32460,8
32587,1
32587,6
32587,10
32587,14
32587,17
32596,1
32596,2
32596,5
32840,3
32898,1
32898,2
32898,9
32898,16
33004,2
33004,5
33004,16
33085,11
33085,17
33154,7
33158,1
33158,6
33158,17
33162,1
33162,8
33162,15
33162,18
33164,11
33164,17
33166,6
33166,8
33294,3
33294,9
33294,11
33493,1
33493,2
33493,16
33615,2
33615,3
33615,4
33615,5
33646,5
33646,8
33660,8
33660,15
33669,2
33669,5
33669,8
33679,1
33679,2
33679,5
33679,15
33779,5
33794,1
33794,6
33794,12
33836,5
33836,9
33836,15
33880,5
33880,8
34048,1
34048,2
34048,16
34048,17
34072,7
34143,8
34143,11
34143,17
34150,1
34150,2
34150,16
34162,5
34162,15
34271,6
34271,8
34319,1
34319,16
34319,17
34332,1
34332,2
34332,4
34332,5
34336,5
34336,15
34405,1
34405,2
34405,16
34437,5
34437,8
34520,1
34520,2
34520,5
34532,8
34532,11
34532,14
34532,17
34534,1
34534,6
34534,8
34542,7
35836,5
35836,15
35957,11
35957,17
36276,8
36276,14
36276,17
36363,5
36363,8
36363,16
36401,5
36401,9
36401,11
36401,17
36517,8
36517,17
36519,1
36519,6
36519,17
36529,1
36529,6
36529,8
36529,17
36529,18
36535,5
36535,8
37380,1
37380,11
37380,16
37382,6
37382,8
37382,17
37384,5
37386,1
37386,16
37720,6
37720,8
37720,11
37720,17
37727,1
37727,8
37727,17
37729,3
37729,5
37729,9
37729,13
37729,15
37731,6
37731,8
37733,1
37733,6
37733,8
37733,17
37741,6
37741,8
37830,1
37830,2
37830,3
37830,9
37830,16
37857,2
37857,4
37857,8
37857,9
38038,2
38038,3
38038,4
38038,5
38061,5
38061,6
38061,14
38061,17
38095,1
38095,6
38095,8
38798,5
38798,8
38886,5
38886,8
39183,8
39183,15
39231,5
39231,8
39231,15
39292,6
39292,8
39381,6
39381,8
39381,19
39427,17
39435,1
39435,2
39435,8
39435,19
39446,11
39446,17
40148,6
40148,8
40148,17
40278,1
40278,8
40278,18
40339,1
40339,2
40339,3
40339,4
40339,5
40339,16
40583,8
40583,17
40629,8
40629,15
40732,2
40732,8
40732,11
40732,17
40815,2
40815,9
40815,17
40815,12
40819,8
40819,13
40819,15
40826,8
40826,13
40826,15
40851,1
40851,2
40851,4
40851,9
41285,6
41285,8
41285,15
41566,2
41566,4
41566,9
41569,1
41569,2
41569,8
41569,9
41569,17
41571,8
41571,15
41997,1
41997,6
41997,8
41997,17
42011,5
42011,6
42418,2
42418,8
42418,15
42632,6
42632,8
42632,14
42632,17
42718,1
42718,6
42718,16
42723,11
42725,5
42734,3
42734,4
42734,5
42738,1
42738,9
42738,11
43560,4
43560,5
43560,9
43679,11
43679,14
43679,17
43836,2
43836,5
43836,6
43928,1
43928,9
43928,16
43928,17
43936,6
43936,17
44004,5
44004,15
44022,2
44022,3
44022,4
44022,5
44191,1
44191,16
44191,17
44191,12
44193,5
44193,15
44195,5
44195,8
44199,6
44199,8
44199,17
44397,8
44397,11
44397,17
44555,8
44555,15
44555,17
44665,6
44665,8
44665,14
44694,5
44694,8
44761,6
44761,8
44761,10
44761,14
44788,7
44828,5
44828,11
44828,16
44972,5
44972,11
44974,8
44974,17
45081,9
45081,11
45081,17
45186,1
45186,2
45186,17
45210,6
45210,8
45431,2
45431,3
45431,4
45431,5
45442,1
45442,2
45442,17
45442,12
45447,8
45447,14
45447,17
45499,1
45499,16
45499,17
45501,5
45501,8
45501,15
45517,3
45517,4
45517,5
45666,5
45668,8
45668,9
45668,15
45672,2
45672,5
45672,8
45672,9
45672,15
45720,5
45720,8
45722,1
45722,2
45722,9
45726,5
45728,5
45730,8
45730,9
45730,14
45880,8
45880,15
45950,7
46335,1
46335,6
46335,8
46335,17
46530,1
46530,2
46530,16
46530,12
46578,2
46578,5
46578,8
46723,8
46723,17
46948,3
46948,4
46948,9
46948,14
46965,1
46965,5
46965,11
46965,17
46970,1
46970,5
46972,1
46972,5
46972,9
46972,12
46976,5
46976,8
46976,9
46976,15
47044,1
47044,6
47044,8
47044,17
47099,8
47122,5
47122,15
47200,1
47200,17
47382,8
47382,15
47423,8
47491,5
47491,8
47518,5
47610,8
47610,9
47610,14
47610,15
47629,8
47640,5
47997,2
47997,5
47997,16
47997,17
47999,7
47999,8
48043,8
48043,9
48043,15
48082,5
48082,8
48082,9
48082,15
48304,2
48304,8
48304,17
48322,5
48322,7
48385,5
48394,8
48394,9
48394,17
48414,2
48414,3
48414,4
48414,5
48414,12
48516,6
48516,8
48516,17
48738,8
48738,17
48744,5
48744,8
48744,15
48774,1
48774,2
48774,8
48774,16
48774,17
48780,8
48780,14
48780,16
48780,17
48783,8
48783,18
48877,6
48877,11
48877,17
48982,3
48982,5
48997,6
48997,8
48997,17
49130,5
49130,8
49130,15
49272,1
49272,2
49272,17
49274,2
49274,3
49274,4
49274,5
49274,12
49278,1
49278,16
49278,17
49286,5
49286,15
49396,2
49396,5
49396,13
49530,1
49530,2
49530,6
49530,8
49530,17
49530,18
49649,1
49649,2
49649,9
49651,1
49651,8
49772,8
49772,15
49822,8
49822,17
49932,8
49932,14
49932,17
49961,8
50011,5
50011,8
50011,9
50011,14
50068,8
50068,18
50442,6
50442,8
50601,2
50601,4
50601,9
50641,5
50641,9
50641,11
50685,5
50685,8
50685,15
50794,1
50794,6
50794,8
50794,17
50798,2
50798,5
50804,8
50804,11
50804,17
50872,3
50872,4
50872,8
50912,15
51077,1
51077,9
51077,17
51080,8
51080,17
51084,5
51084,15
51086,8
51086,14
51086,17
51255,1
51255,5
51255,6
51255,14
51412,1
51412,16
51412,17
51540,6
51540,8
51540,17
51575,2
51575,5
51662,1
51662,9
51662,18
51662,12
51709,5
51709,8
51709,11
51709,16
51709,17
51925,8
51925,9
51925,14
51925,17
51927,11
51927,14
51927,17
51931,8
51935,1
51935,8
51935,17
52042,8
52042,17
52042,18
52245,5
52245,15
52281,1
52281,6
52281,11
52281,16
52281,17
52287,1
52287,2
52287,3
52287,4
52287,5
52287,16
52328,2
52328,8
52328,16
52328,17
52435,3
52435,5
52435,9
52435,13
52458,8
52458,17
52604,6
52604,8
52604,14
52604,17
52644,11
52644,17
52694,5
52722,1
52722,2
52722,16
52722,17
52722,12
52885,3
52885,14
52885,16
52973,5
52973,8
52973,15
52975,5
52975,8
52975,13
53000,11
53000,16
53000,17
53121,2
53121,3
53121,4
53121,5
53121,9
53123,8
53123,13
53123,15
53125,1
53125,2
53125,5
53125,9
53129,6
53129,8
53129,17
53318,5
53318,8
53318,15
53322,6
53322,17
53460,3
53460,4
53460,5
53464,1
53464,2
53464,16
53519,1
53519,2
53519,6
53519,11
53519,17
53550,1
53550,2
53550,8
53550,18
53894,7
53894,8
53953,8
53953,11
53953,17
53956,5
53972,1
53972,2
53972,6
53972,17
53993,5
53993,9
53996,1
53996,16
53996,17
53996,12
54001,2
54001,8
54001,9
54001,12
54004,5
54004,15
54190,8
54190,9
54190,13
54190,15
54256,5
54259,2
54259,5
54259,9
54259,15
54272,3
54272,5
54281,5
54281,8
54286,1
54286,6
54286,17
54372,6
54372,8
54372,14
54372,17
54503,5
54648,1
54648,5
54648,6
54648,17
54732,5
54736,1
54736,8
54736,17
54771,1
54771,8
54771,11
54771,16
54771,17
54775,1
54775,17
54785,11
54881,7
54910,5
54910,11
54910,17
54962,8
54962,14
54995,1
54995,11
54995,16
54997,1
54997,6
54997,8
54997,19
54999,1
54999,5
54999,6
55052,8
55052,15
55052,18
55094,8
55094,14
55118,6
55118,8
55118,17
55232,1
55232,11
55232,16
55232,17
55247,1
55247,2
55247,8
55267,5
55267,8
55267,15
55269,2
55269,5
55269,8
55274,8
55276,8
55276,17
55280,5
55280,8
55290,6
55290,8
55290,14
55363,6
55363,8
55363,19
55442,3
55442,8
55444,8
55553,5
55553,11
55577,6
55577,11
55577,17
55721,1
55721,6
55721,8
55721,17
55765,6
55765,8
55765,17
55768,3
55768,5
55805,6
55805,8
55805,17
55814,8
55820,6
55820,8
55830,5
55872,8
55872,13
55908,8
55908,16
55946,8
55946,17
55946,18
55995,1
55995,2
55995,3
55995,9
55995,12
55999,4
55999,5
55999,9
56145,11
56145,16
56152,2
56152,3
56152,4
56152,5
56152,9
56152,13
56152,15
56156,1
56156,6
56156,17
56171,2
56171,4
56171,9
56174,1
56174,11
56174,16
56174,17
56174,12
56286,8
56339,8
56339,11
56339,14
56339,17
56367,5
56367,8
56367,15
56587,5
56587,8
56715,8
56715,9
56715,15
56757,8
56757,11
56757,13
56757,17
56775,1
56775,2
56782,8
56782,19
56788,5
56788,8
56788,18
56801,1
56801,11
56801,16
56805,5
56805,13
56941,5
56941,8
56941,15
56949,5
56949,15
57274,8
57274,11
57274,17
57368,1
57368,14
57368,16
57368,17
57504,3
57504,5
57504,8
57504,15
57504,16
57528,1
57528,8
57528,17
57528,18
57532,5
57640,1
57640,2
57640,9
57640,16
57669,5
57669,6
57669,8
57669,17
58025,1
58025,2
58025,8
58025,16
58025,17
58047,5
58047,8
58047,15
58103,1
58103,8
58103,17
58156,5
58162,5
58162,15
58293,2
58293,15
58293,17
58295,1
58295,6
58295,17
58299,2
58299,3
58299,4
58299,5
58301,8
58301,17
58303,6
58303,8
58303,18
58559,1
58559,6
58559,8
58559,12
58803,6
58803,8
58803,15
58803,17
58998,5
58998,15
59018,8
59018,15
59022,2
59022,5
59037,1
59037,4
59037,16
59037,12
59126,5
59126,7
59141,4
59141,5
59141,8
59258,5
59315,1
59315,2
59315,16
59369,1
59369,6
59369,8
59369,17
59387,2
59387,8
59387,9
59421,5
59421,15
59501,2
59501,4
59501,9
59615,1
59615,2
59615,5
59615,16
59725,5
59725,15
59727,11
59727,17
59784,1
59784,3
59784,4
59784,5
59784,12
59900,5
60037,8
60037,16
60037,17
60040,1
60040,16
60069,2
60069,3
60069,4
60069,15
60069,16
60072,1
60072,17
60074,1
60074,2
60074,5
60074,6
60074,9
60126,1
60126,5
60333,7
60397,5
60397,13
60397,15
60487,3
60487,4
60487,5
60514,1
60514,2
60514,16
60647,6
60647,8
60647,17
60684,1
60684,8
60684,14
60684,16
60684,17
60684,12
60756,5
60760,8
60760,14
60760,16
60760,17
60766,7
60937,1
60937,2
60937,9
60937,17
60950,5
60950,8
60950,15
61024,1
61024,5
61024,6
61132,1
61132,2
61132,5
61132,18
61160,1
61160,2
61160,3
61160,16
61236,3
61236,7
61236,8
61236,18
61240,8
61240,9
61240,11
61240,15
61248,1
61248,2
61248,16
61248,17
61250,5
61323,5
61323,6
61323,8
61350,1
61350,2
61350,16
61350,17
61352,6
61352,8
61352,17
61406,8
62081,1
62081,6
62081,17
62081,12
62155,5
62155,8
62155,15
62203,11
62293,8
62293,15
62374,1
62374,8
62374,17
62376,2
62376,4
62376,16
62394,1
62394,6
62394,8
62394,17
62434,5
62434,8
62434,15
62511,5
62511,8
62644,8
62849,1
62849,6
62999,1
62999,2
62999,3
62999,4
62999,5
62999,12
63033,8
63033,14
63033,15
63033,17
63062,6
63062,8
63062,14
63072,2
63072,8
63072,17
63082,6
63082,8
63082,15
63113,1
63113,2
63113,17
63131,5
63436,6
63436,11
63436,17
63853,2
63853,8
63853,18
63853,19
63859,1
63859,2
63859,3
63859,4
63859,5
63876,8
63992,8
63992,9
63992,15
63992,17
64030,1
64030,2
64030,6
64030,17
64032,5
64034,8
64034,18
64197,8
64497,8
64497,16
64497,17
64497,12
64575,8
64575,14
64614,6
64614,8
64620,8
64622,8
64622,15
64716,8
64839,8
64957,8
64957,9
64957,14
64957,15
64969,5
64983,8
64983,17
64983,18
64993,3
64993,8
64993,15
65130,8
65130,15
65188,7
65216,8
65216,17
65216,18
65230,5
65230,8
65261,2
65261,3
65261,4
65261,9
65514,1
65514,8
65514,18
65585,5
65585,15
65642,16
65642,17
65682,1
65682,9
65682,11
65682,17
65802,1
65802,5
65802,6
66097,3
66097,9
66097,17
66171,16
66171,17
66198,8
66198,17
66203,5
66203,8
66203,15
66509,5
66509,8
66785,1
66785,2
66785,5
66785,19
66798,2
66798,5
66798,14
66934,5
66934,8
66934,13
66934,16
67087,5
67197,1
67197,8
67197,14
67197,16
67197,17
67255,6
67255,8
67255,14
67255,17
67267,5
67267,8
67408,3
67408,16
67408,12
67734,5
67734,8
67788,5
67788,15
67923,1
67923,6
67923,8
67923,17
67997,5
68073,5
68073,8
68135,5
68135,8
68157,1
68157,8
68157,18
68159,6
68159,8
68159,17
68205,1
68205,5
68205,6
68237,8
68237,14
68237,16
68237,17
68319,1
68319,16
68319,17
68358,1
68358,2
68358,16
68358,12
68554,6
68554,8
68554,14
68554,17
68791,1
68791,2
68791,16
68791,17
68793,1
68793,5
68793,12
68848,2
68848,5
68848,6
68848,15
68952,5
68952,11
68954,2
68954,3
68954,4
68954,8
69069,5
69122,5
69122,6
69134,8
69134,9
69275,1
69275,2
69275,5
69275,11
69306,6
69306,8
69306,17
69406,5
69406,15
69436,2
69436,5
69481,1
69481,8
69481,17
69481,18
69524,1
69524,2
69524,17
69526,1
69526,2
69526,16
69526,12
69640,6
69640,8
69640,17
69644,1
69644,2
69644,3
69644,4
69644,5
69644,15
69757,5
69757,8
69757,15
69784,5
69844,2
69844,9
69844,14
69844,15
69844,12
69951,8
69951,9
70159,8
70159,11
70159,14
70159,17
70183,5
70183,8
70183,15
70286,14
70286,16
70286,17
70293,5
70293,8
70293,15
70336,1
70336,2
70336,16
70336,17
70599,8
70599,15
70599,16
70728,1
70728,5
70728,8
70728,17
71033,6
71033,8
71033,14
71033,15
71033,17
71057,2
71057,3
71057,16
71106,5
71106,16
71108,8
71108,14
71135,11
71135,16
71135,17
71156,1
71156,5
71156,8
71205,5
71205,11
71205,16
71205,17
71211,5
71211,6
71211,8
71211,17
71254,1
71254,16
71254,17
71264,3
71264,4
71264,9
71264,12
71282,7
71379,11
71379,17
71429,5
71429,8
71464,5
71464,8
71500,5
71500,11
71500,17
71518,5
71518,8
71520,5
71530,1
71530,16
71530,17
71535,1
71535,5
71535,11
71579,8
71579,15
71745,2
71745,4
71745,8
71745,9
71745,12
71838,8
71838,17
72011,8
72011,15
72129,6
72129,11
72129,14
72129,17
72167,1
72167,6
72167,8
72167,17
72171,1
72171,5
72226,2
72226,3
72226,4
72226,5
72226,6
72294,3
72294,4
72294,8
72294,9
72294,12
72356,3
72356,4
72356,5
72356,9
72378,1
72378,8
72378,16
72378,17
72393,11
72393,14
72393,16
72393,17
72395,8
72407,8
72407,9
72407,11
72407,15
72407,17
72641,8
72720,8
72731,6
72731,8
72731,9
72731,11
72731,17
72733,8
72737,3
72737,4
72737,9
72737,13
72737,15
72998,1
72998,2
72998,16
72998,12
73015,5
73015,15
73017,1
73017,6
73017,14
73017,17
73023,8
73023,15
73211,11
73211,17
73266,5
73266,8
73266,15
73268,1
73268,8
73268,11
73268,17
73290,8
73319,5
73319,15
73321,1
73321,2
73321,8
73323,1
73323,6
73323,14
73808,6
73808,8
73808,17
73881,5
73881,8
73881,15
73929,1
73929,9
73929,11
73929,17
74156,8
74156,17
74228,8
74228,11
74228,14
74228,17
74275,5
74275,8
74275,15
74370,11
74370,17
74416,8
74450,5
74450,15
74458,8
74458,14
74458,17
74510,1
74510,6
74510,8
74510,14
74510,17
74530,2
74530,9
74545,8
74545,14
74545,17
74553,3
74553,9
74685,1
74685,8
74685,11
74685,16
74685,17
74754,5
74754,8
74754,15
74789,2
74789,9
74789,12
74795,1
74795,8
74795,17
74795,18
74851,1
74851,6
74868,8
74868,11
74868,16
74916,5
74916,8
74946,5
74948,6
74948,8
74948,17
75341,8
75341,15
75805,1
75805,5
75805,15
75985,1
75985,16
75985,17
76077,5
76077,16
76079,8
76079,17
76093,2
76093,3
76093,4
76093,9
76093,12
76111,8
76111,14
76175,1
76175,2
76175,8
76175,9
76251,1
76251,5
76293,1
76293,5
76293,15
77201,1
77201,8
77201,18
77307,8
77364,1
77364,2
77364,8
77364,14
77364,17
77427,11
77455,5
77455,7
77540,1
77540,2
77540,9
77540,11
77561,1
77561,2
77561,16
77561,17
77561,12
77795,16
77798,9
77798,11
77798,17
77800,5
77800,8
77846,6
77846,8
77866,1
77866,2
77866,8
77866,15
77866,18
78039,8
78039,15
78088,14
78088,17
78105,1
78105,2
78105,9
78105,15
78105,12
78209,5
78218,8
78218,17
78266,11
78266,16
78266,17
78349,14
78349,17
78469,1
78469,5
78469,17
78499,2
78499,3
78499,4
78499,5
78499,9
78499,12
78574,8
78574,17
78637,2
78637,3
78637,4
78637,5
78637,9
78637,12
78772,9
78772,15
78772,17
78772,12
78836,8
78893,1
78893,2
78893,9
79057,1
79057,16
79057,17
79091,3
79091,4
79091,5
79091,6
79132,1
79132,6
79132,8
79132,14
79132,16
79132,17
79132,12
79134,5
79139,1
79139,2
79139,4
79139,5
79139,9
79185,1
79185,5
79185,15
79224,1
79224,4
79224,8
79242,5
79242,8
79251,11
79251,17
79293,1
79293,17
79357,8
79357,9
79357,15
79357,16
79428,5
79553,1
79592,1
79592,5
79695,1
79695,2
79695,17
79702,1
79702,5
79702,9
79702,13
79702,15
79720,6
79720,8
79796,1
79796,2
79796,8
79796,17
79796,18
80126,8
80126,17
80166,5
80166,15
80219,1
80219,2
80219,5
80219,6
80219,17
80363,1
80363,11
80363,16
80363,17
80363,12
80463,8
80489,6
80489,8
80489,17
80549,5
80549,15
80551,8
80551,15
80586,5
80586,8
80586,15
80615,2
80615,3
80615,9
80615,12
80693,5
80693,8
80831,8
80831,11
80831,14
80846,11
80846,14
80846,17
80860,5
80860,15
80906,7
80917,8
80917,16
80969,8
80969,15
80969,16
81018,3
81132,1
81132,2
81132,5
81132,6
81132,8
81132,10
81132,11
81132,14
81132,17
81132,19
81156,1
81156,5
81156,7
81229,1
81229,5
81417,11
81417,12
81537,5
81562,2
81562,8
81562,17
81564,1
81564,3
81564,4
81564,5
81564,16
81564,12
81591,8
81591,17
81641,8
81641,17
81782,1
81782,8
81782,17
81788,6
81788,8
81788,15
81788,17
81819,8
81834,1
81834,2
81834,9
81834,12
81845,8
81847,3
81847,4
81847,5
81847,9
81847,13
81847,15
81847,12
81932,8
82041,11
82095,16
82095,17
82143,7
82167,5
82167,8
82167,15
82169,2
82169,4
82169,9
82173,5
82202,8
82202,17
82242,1
82242,5
82459,19
82461,1
82461,2
82461,16
82461,12
82667,6
82667,17
82744,1
82744,6
82744,8
82852,5
82854,2
82854,5
82854,9
83132,3
83132,4
83132,9
83134,5
83134,11
83302,8
83302,15
83349,1
83349,5
83349,6
83349,9
83349,17
83349,12
83369,8
83480,2
83480,8
83480,9
83613,1
83613,16
83613,17
83613,19
83613,12
83803,3
83803,4
84152,16
84152,17
84156,7
84374,5
84374,15
84392,6
84392,8
84392,17
84395,8
84395,11
84395,17
84601,8
84601,14
84601,17
84637,2
84637,3
84637,4
84637,5
84637,9
84637,15
84772,2
84772,5
84772,16
84944,1
84944,2
84944,3
84944,4
84944,5
84944,19
84954,15
84954,16
84954,17
85020,1
85020,8
85020,17
85022,5
85056,1
85056,16
85056,17
85056,12
85131,1
85131,16
85131,18
85179,2
85179,3
85179,5
85179,16
85312,3
85312,8
85342,1
85342,6
85342,8
85367,5
85367,15
85394,7
85401,1
85401,5
85401,8
85412,9
85412,11
85414,1
85414,8
85414,14
85414,16
85414,17
85438,8
85438,15
85510,1
85510,9
85510,17
85510,12
85774,7
85788,9
85788,11
85788,17
85881,5
85881,8
86000,5
86000,8
86142,1
86190,1
86190,2
86190,14
86190,17
86295,5
86295,11
86295,14
86295,17
86298,2
86298,3
86298,4
86298,5
86320,8
86320,16
86332,1
86332,2
86332,8
86332,9
86332,12
86345,5
86347,5
86377,5
86628,1
86628,6
86644,1
86644,6
86644,8
86644,17
86644,12
86781,8
86781,14
86781,18
86833,5
86835,1
86835,11
86835,16
86835,17
86880,1
86880,2
86880,9
86880,12
86882,5
86882,9
86882,15
86892,1
86892,6
86892,17
86898,8
86911,5
87192,1
87192,5
87192,16
87222,1
87222,2
87222,3
87222,4
87222,5
87222,12
87232,1
87232,2
87232,16
87232,17
87232,18
87234,5
87234,8
87234,15
87298,5
87298,8
87304,8
87306,14
87306,16
87306,17
87306,12
87430,1
87430,2
87430,16
87483,5
87485,5
87520,1
87520,2
87520,16
87520,18
87520,12
87522,5
87522,8
87522,15
87529,1
87529,2
87529,5
87529,9
87869,5
87869,6
87876,2
87876,3
87876,4
87876,5
87876,12
88125,1
88125,2
88125,8
88125,9
88125,14
88125,12
88129,6
88129,8
88129,10
88129,17
88140,1
88140,2
88140,16
88140,17
88140,18
88163,5
88163,8
88163,15
88179,8
88179,15
88235,5
88235,6
88356,3
88356,4
88356,5
88405,5
88405,15
88744,1
88744,8
88744,16
88744,17
88785,5
88810,8
89030,5
89030,11
89039,8
89039,15
89039,16
89085,8
89085,17
89087,1
89087,2
89087,8
89087,17
89118,8
89470,16
89470,17
89470,12
89492,8
89535,5
89535,8
89745,1
89745,2
89745,16
89745,12
89753,8
89753,10
89753,17
89759,8
89761,8
89761,17
89774,8
89804,8
89837,11
89837,14
89837,17
89840,1
89840,17
89864,5
89864,8
89904,5
89904,8
89904,15
90057,8
90249,1
90249,8
90249,16
90249,12
90345,11
90345,14
90345,16
90345,17
90357,8
90374,8
90374,17
90376,8
90376,17
90405,6
90405,16
90405,17
90430,5
90430,8
90439,8
90439,17
90469,11
90522,2
90522,5
90522,17
90531,8
90576,5
90576,15
90600,1
90600,6
90600,17
90647,2
90647,3
90647,5
90647,9
90647,12
90717,1
90717,5
90717,6
90719,8
90738,1
90738,6
90738,8
90738,14
90738,17
90746,1
90746,3
90746,14
90746,12
90866,4
90866,8
90866,14
90888,1
90888,8
90888,9
90943,7
91077,5
91077,8
91094,4
91094,5
91094,13
91104,2
91104,8
91104,9
91104,15
91126,8
91126,18
91128,5
91128,8
91128,17
91134,8
91325,8
91414,3
91414,4
91414,5
91414,8
91485,1
91485,2
91500,1
91500,2
91500,8
91500,16
91500,17
91529,1
91529,2
91529,6
91529,12
91535,1
91535,2
91535,8
91535,17
91535,12
91542,1
91542,2
91542,5
91542,6
91542,14
91542,17
91622,5
91622,8
91630,1
91630,2
91630,17
91630,12
91653,5
91653,8
91658,8
91658,17
91660,1
91660,11
91660,16
91660,17
91681,11
91681,17
91842,1
91842,6
91842,8
91842,17
91890,8
91974,1
91974,9
91974,11
91974,12
91976,1
91976,8
91978,6
91978,17
92008,1
92008,17
92259,5
92259,8
92420,1
92420,16
92420,17
92422,8
92422,11
92422,17
92475,7
92507,1
92507,6
92507,14
92507,17
92509,8
92509,15
92920,8
92938,1
92938,9
92938,17
93164,11
93164,17
93270,5
93272,3
93272,9
93272,13
93272,12
93287,5
93326,1
93326,5
93326,15
93363,1
93363,2
93363,16
93363,12
93443,5
93443,8
93475,11
93475,17
93510,1
93510,5
93510,6
93512,5
93512,8
93563,1
93563,16
93563,17
93721,7
93766,1
93766,2
93766,9
93766,12
93805,1
93805,5
93805,16
93831,5
93838,1
93838,6
93840,5
93840,11
93840,16
93840,17
93855,5
93855,8
93988,8
93988,15
94018,1
94018,16
94018,17
94018,12
94070,5
94070,8
94266,5
94266,15
94405,1
94405,6
94405,17
94478,5
94478,11
94478,12
94677,5
94777,1
94777,5
94777,16
94777,12
94780,1
94780,2
94780,8
94864,1
94864,11
94864,16
94864,12
94896,5
94896,6
94896,8
94931,8
94931,15
94953,5
94959,5
94959,8
94959,15
94985,1
94985,6
94985,8
94985,17
95088,5
95088,8
95105,2
95105,3
95105,4
95105,5
95105,12
95135,5
95135,8
95167,1
95167,2
95167,3
95167,4
95201,5
95207,1
95207,9
95207,11
95207,17
95309,5
95309,8
95309,15
95311,3
95311,4
95311,5
95311,9
95375,3
95375,4
95441,5
95441,9
95449,8
95449,15
95510,1
95510,2
95510,16
95510,12
95543,2
95543,3
95543,5
95558,8
95558,9
95654,3
95654,4
95720,5
95720,16
95761,6
95761,17
95856,3
95856,4
95858,3
95858,4
95858,5
95873,5
95873,9
95873,15
95875,1
95875,16
95875,17
96079,1
96079,2
96079,17
96079,12
96110,5
96281,2
96281,3
96281,5
96417,1
96417,17
96432,6
96432,8
96488,7
96588,5
96588,13
96606,7
96610,1
96610,6
96610,16
96655,5
96655,8
96655,16
96691,1
96691,11
96691,16
96691,12
96693,8
96728,8
96737,1
96737,16
96811,6
96811,8
96811,17
96815,11
96815,17
96821,8
96821,15
96829,8
96832,8
96832,9
96832,13
96832,14
96832,16
96857,8
96857,14
96857,17
96861,1
96861,6
96861,8
96861,17
96911,8
96911,15
97024,8
97024,15
97057,2
97057,7
97057,8
97172,3
97172,5
97172,11
97172,12
97188,11
97188,17
97194,7
97225,3
97225,4
97225,5
97304,8
97304,17
97306,5
97306,6
97752,8
97752,16
97752,12
97860,6
97860,8
97860,17
97866,7
97913,3
97913,5
97921,5
97921,8
97923,8
97936,8
97938,2
97938,8
97938,12
98056,8
98056,15
98122,7
98154,8
98154,18
98203,2
98203,8
98203,9
98203,15
98203,12
98239,1
98239,18
98243,2
98243,3
98243,4
98243,9
98243,12
98361,8
98361,9
98361,17
98491,3
98491,5
98491,15
98604,3
98604,8
98604,15
98809,2
98809,9
98809,12
98961,1
98961,8
98961,17
99007,5
99007,11
99007,15
99112,1
99112,6
99112,17
99114,1
99114,8
99114,19
99117,8
99145,8
99145,17
99149,8
99149,13
99149,15
99149,12
99437,5
99437,9
99437,11
99728,1
99728,6
99728,8
99750,6
99750,8
99750,17
99764,3
99764,5
99764,8
99764,9
99764,16
99910,1
99910,6
99910,17
99912,11
99917,15
99917,16
99917,17
100044,7
100083,5
100106,7
100159,5
100163,1
100163,9
100163,11
100163,12
100302,8
100302,15
100302,16
100383,6
100383,8
100383,14
100383,17
100390,5
100390,6
100487,8
100487,9
100487,15
100498,1
100498,6
100498,17
100498,12
100556,7
100581,7
100714,8
100714,15
100745,7
100810,11
100810,16
100810,17
101025,2
101025,9
101025,12
101076,1
101076,2
101076,16
101076,17
101076,12
101088,8
101088,14
101088,17
101112,1
101112,2
101112,9
101112,12
101142,2
101142,3
101142,5
101283,5
101285,5
101285,6
101285,8
101362,1
101362,17
101525,6
101525,8
101577,1
101577,2
101577,15
101612,5
101612,15
101739,11
101741,6
101741,17
101864,1
101864,2
101864,16
101864,12
101893,8
101893,15
101895,8
101962,3
101962,9
101973,8
101973,17
102033,1
102033,5
102033,6
102072,1
102072,17
102088,1
102088,8
102088,12
102123,1
102123,5
102125,1
102125,16
102125,17
102125,12
102194,2
102194,6
102194,8
102407,8
102445,1
102445,2
102445,16
102445,12
102481,5
102666,2
102666,5
102684,8
102684,17
102686,5
102716,1
102716,6
102716,17
102716,12
102720,2
102720,3
102720,9
102800,5
102800,8
102819,8
102880,1
102880,2
102880,16
102880,12
102903,6
102903,14
102903,17
102993,5
102993,8
103017,14
103017,17
103042,1
103042,2
103042,9
103042,16
103042,12
103048,5
103075,6
103075,11
103075,17
103141,2
103141,3
103141,5
103228,1
103228,2
103228,16
103228,12
103249,1
103249,8
103249,11
103249,12
103253,1
103253,8
103253,16
103253,12
103306,16
103306,17
103315,8
103315,9
103315,14
103315,17
103335,3
103335,4
103335,5
103335,12
103339,1
103339,8
103339,17
103339,12
103341,1
103341,5
103341,16
103366,1
103366,6
103366,17
103372,1
103372,5
103372,6
103384,1
103384,2
103384,19
103384,12
103539,5
103539,8
103539,15
103606,5
103606,8
103606,15
103624,8
103655,1
103655,5
103655,9
103688,11
103688,17
103727,1
103727,11
103727,16
103727,17
103755,2
103755,3
103755,4
103755,5
103755,9
103772,1
103772,2
103772,9
103772,16
103801,5
103801,8
103801,15
103810,1
103810,5
103810,6
103810,17
103883,1
103883,5
103883,6
103980,8
103984,5
103984,8
104074,2
104074,4
104074,9
104078,5
104211,5
104211,6
104241,1
104241,5
104241,6
104243,1
104243,16
104243,17
104243,12
104272,7
104283,3
104283,8
104283,15
104303,8
104312,1
104312,2
104312,8
104312,12
104337,8
104374,8
104374,9
104374,15
104457,11
104457,17
104841,1
104841,16
104841,12
104863,5
104863,8
104863,15
104879,8
104879,14
104879,17
104881,8
104881,17
104906,5
104906,15
104913,1
104913,8
104944,8
105197,2
105197,8
105211,5
105211,8
105211,15
105213,5
105213,8
105213,15
105355,8
105355,15
105429,7
105468,3
105468,4
105468,5
105468,9
105504,2
105504,8
105504,17
105504,12
105585,1
105585,6
105585,17
105593,5
105593,6
105593,8
105653,1
105653,14
105653,17
105731,8
105731,11
105742,8
105742,17
105755,6
105755,8
105755,17
105769,3
105769,16
105835,5
105835,8
105835,17
105844,8
105954,1
105954,2
105954,8
106002,1
106002,2
106002,16
106002,12
106030,11
106030,16
106062,5
106072,1
106072,2
106072,9
106072,12
106100,8
106195,1
106195,8
106195,17
106330,5
106330,8
106330,15
106438,5
106438,8
106441,4
106441,8
106441,18
106452,8
106487,1
106487,2
106487,16
106487,12
106489,2
106489,9
106489,12
106491,1
106491,2
106491,9
106540,5
106696,2
106696,3
106696,5
106696,9
106696,13
106696,15
106766,8
106782,5
106782,6
106782,8
106785,1
106785,6
106785,17
106841,5
106841,8
106889,7
106916,6
106916,8
106918,2
106918,5
106918,8
106920,8
106920,15
106920,16
107069,1
107069,8
107069,17
107069,18
107141,5
107141,8
107314,1
107314,8
107314,14
107348,5
107406,1
107406,8
107406,16
107771,8
107771,11
107771,15
107883,8
107883,15
108156,1
108156,5
108188,1
108188,8
108188,17
108188,12
108190,2
108190,15
108190,16
108190,12
108689,1
108689,9
108689,16
108689,12
108727,8
108729,14
108729,17
108928,1
108928,8
108928,18
108932,1
108932,2
108932,3
108932,4
108932,5
108932,9
108945,1
108945,6
108945,16
108945,12
108977,3
108977,6
108977,8
108977,11
108977,14
108981,8
108981,14
108983,3
109181,5
109187,8
109187,9
109187,16
109374,5
109374,8
109390,6
109390,8
109390,14
109390,17
109487,16
109487,12
109569,1
109569,6
109569,8
109578,1
109578,14
109578,17
109633,3
109633,15
109673,1
109673,8
109673,18
109673,12
109687,7
109740,5
109740,15
109846,2
109846,3
109846,5
109848,11
109848,16
109848,17
109850,1
109850,6
109850,8
109850,12
110102,1
110102,2
110102,16
110102,12
110110,8
110127,2
110127,8
110127,12
110407,16
110407,17
110453,8
110501,1
110501,6
110501,17
110553,1
110553,16
110553,12
110586,5
110586,8
110591,11
110655,2
110655,3
110655,4
110655,5
110675,8
110675,9
110675,15
110730,8
110730,16
110730,12
110771,5
110771,15
110882,8
110968,1
110968,2
110968,8
111113,5
111235,7
111235,16
111360,1
111360,16
111362,1
111362,2
111362,16
111364,1
111364,2
111364,16
111364,12
111384,17
111443,5
111617,5
111622,5
111622,15
111659,1
111659,2
111659,4
111659,12
111743,5
111743,19
111759,1
111759,16
111759,12
111781,1
111781,2
111781,17
111921,8
111921,15
111924,5
112070,8
112138,1
112138,5
112138,6
112171,1
112171,6
112171,17
112175,1
112175,2
112175,3
112183,5
112183,8
112290,8
112370,1
112370,2
112370,16
112399,7
112421,5
112421,8
112421,14
112552,8
112556,8
112556,17
112582,7
112623,16
112788,5
112804,8
112804,16
112818,1
112818,11
112818,17
112852,1
112852,2
112852,16
112868,16
112868,17
112897,1
112897,2
112911,1
112911,2
112940,17
112946,5
112946,8
113225,5
113225,8
113225,15
113240,8
113252,5
113252,11
113252,17
113275,5
113275,8
113345,1
113345,2
113345,16
113348,1
113348,2
113348,5
113378,8
113378,16
113453,5
113453,6
113573,1
113573,6
113573,17
113604,8
113705,8
113741,8
113741,14
113741,16
113741,17
113780,11
113780,17
113829,5
113829,8
113829,15
113862,17
114007,14
114007,17
114028,5
114028,8
114060,6
114060,8
114060,17
114074,8
114180,1
114180,14
114180,16
114246,1
114246,6
114246,14
114246,17
114342,8
114392,8
114392,19
114439,1
114439,6
114439,17
114494,17
114552,2
114552,3
114552,4
114552,5
114552,9
114554,3
114554,8
114554,9
114601,5
114601,8
114635,7
114662,1
114662,18
114670,5
114670,8
114670,11
114678,2
114678,5
114678,8
114700,6
114700,8
114713,11
114762,5
114762,15
114795,1
114795,8
114795,9
114847,16
114847,17
114935,1
114935,14
114935,16
114935,17
115122,5
115122,11
115149,1
115149,17
115170,8
115210,1
115210,8
115210,18
115216,8
115216,19
115231,5
115381,5
115569,6
115569,8
115569,17
115617,1
115617,3
115617,5
115629,6
115629,17
115664,2
115664,3
115664,15
115667,5
115667,15
115680,6
115680,8
115680,16
115680,17
115713,8
115713,16
115713,17
115881,3
115881,9
116136,8
116138,8
116161,8
116307,8
116397,17
116411,8
116797,8
116797,17
116797,18
116799,5
116799,6
116799,8
116799,14
116799,15
116801,8
116823,2
116823,16
116823,17
116887,1
116887,2
116887,8
116897,5
116897,8
116897,17
116951,5
116977,5
117123,5
117123,8
117176,8
117176,15
117434,11
117438,3
117438,8
117444,3
117444,4
117444,9
117466,1
117466,2
117466,8
117529,1
117529,2
117529,8
117529,16
117529,17
117533,7
117590,5
117590,6
117851,2
117851,3
117851,4
117851,5
117867,1
117867,8
117867,17
117867,18
117871,1
117871,8
117871,18
117881,8
117887,4
117887,5
117895,1
117895,17
118082,5
118082,6
118082,17
118202,2
118202,5
118202,7
118202,14
118246,8
118354,6
118354,8
118354,14
118354,17
118696,2
118696,9
118700,8
118702,8
118702,18
118706,2
118706,14
118706,17
118760,8
118880,11
118880,15
118880,17
118888,5
118896,8
118898,1
118898,6
118898,8
118898,17
118900,8
118930,5
118985,8
118997,4
118997,5
118997,9
118997,13
119141,1
119141,5
119145,1
119145,2
119145,5
119145,6
119155,2
119155,4
119155,5
119155,9
119655,2
119655,4
119655,9
120392,5
120392,8
120392,15
120392,16
120466,1
120466,17
120478,7
120635,1
120635,6
120635,17
120637,1
120637,6
120637,8
120637,14
120637,17
120799,1
120799,2
120799,16
120799,17
120807,5
121169,8
121231,11
122882,1
122882,2
122882,16
122882,17
122884,9
122884,11
122884,17
122886,1
122886,2
122886,9
122886,16
122886,12
122888,0
122890,1
122890,2
122890,9
122892,1
122892,2
122892,16
122896,0
122898,1
122898,2
122898,16
122900,1
122900,2
122900,16
122902,1
122902,2
122902,9
122902,16
122904,1
122904,2
122904,5
122904,16
122906,1
122906,2
122906,16
122912,1
122912,2
122912,16
122916,1
122916,2
122916,16
122918,1
122918,2
122918,16
122920,1
122920,16
122920,17
122922,1
122922,2
122922,16
122924,1
122924,2
122924,9
122924,16
122926,1
122926,2
122926,9
124859,6
124859,8
124859,17
125914,2
125914,5
125914,14
125914,15
125916,8
125916,15
126090,3
126106,0
126426,8
126426,16
126430,1
126430,2
126430,8
126430,18
126548,5
126599,5
127052,5
127052,6
127052,15
127096,16
127096,17
127098,5
127108,8
127108,15
127114,8
127116,8
127128,8
127130,5
127134,2
127134,5
127134,8
127136,8
127136,14
127136,17
127140,5
127140,8
127140,15
127152,7
127164,7
127178,8
127196,8
127198,5
127198,8
127202,8
127204,5
127206,5
127212,8
127212,17
127218,16
127298,5
127298,8
128360,19
128488,1
128488,6
128488,8
128488,17
128512,8
128512,14
128512,15
128520,5
128592,14
128592,17
128604,8
128606,8
128620,6
128620,8
128620,15
128671,8
128838,11
128975,5
128975,16
129354,5
129354,6
129354,8
129354,15
129370,2
129370,3
129370,4
129370,5
129428,5
129428,8
129514,5
129659,8
129707,11
129707,17
129937,1
129937,6
129937,8
129937,17
130073,4
130073,8
130073,9
130073,15
130448,11
130448,17
130450,2
130450,4
130450,9
130452,5
130452,8
130490,1
130490,16
130490,17
130496,1
130496,2
130506,1
130506,3
130506,9
130508,1
130508,2
130508,3
130508,9
130508,11
130520,2
130520,3
130520,4
130520,5
130520,9
130520,16
130576,8
130576,16
130634,1
130634,6
130634,17
130636,11
130636,14
130636,17
130684,11
130686,5
130686,11
130840,11
130840,15
130840,16
130956,6
130956,17
130970,5
131013,5
131013,6
131439,17
131656,2
131656,3
131656,4
131656,5
131658,5
131658,8
131658,15
131714,1
131714,2
131724,7
131796,8
132046,1
132046,2
132046,4
132046,14
132046,16
132128,8
132128,17
132157,1
132157,5
132157,6
132424,8
132424,15
132480,8
132480,9
132480,15
132549,0
132660,5
132660,15
132796,1
132796,8
132796,17
132798,17
132961,8
133195,1
133195,6
133195,17
133281,5
133281,8
133419,5
133645,8
133645,15
133771,5
133771,15
133771,16
133782,8
133782,11
133782,17
133798,1
133798,5
133802,1
133802,17
133802,19
133832,11
133832,17
134130,2
134130,8
134130,16
134170,1
134170,5
134170,9
134170,16
134214,8
134368,1
134368,5
134368,6
134393,5
134393,15
134528,5
134528,8
134528,15
134680,5
134680,8
134783,5
134849,3
134849,4
134849,5
134853,2
134853,3
134853,4
134853,5
134853,8
134853,9
134859,7
134881,8
135133,2
135133,16
135137,1
135137,5
135137,16
135141,2
135141,16
135143,9
135288,8
135288,14
135426,0
135436,3
135436,5
135456,1
135456,3
135456,6
135456,16
135518,1
135518,14
135518,16
135518,17
135530,1
135530,6
135530,8
135530,16
135532,1
135532,2
135532,9
135534,5
135534,9
135534,11
135536,1
135536,6
135536,16
135567,1
135567,2
135567,16
135569,1
135569,2
135569,16
135625,1
135625,8
135625,17
135861,5
135885,5
135885,16
135887,2
135887,3
135887,4
135887,5
136016,2
136016,3
136016,4
136016,5
136016,9
136018,6
136018,8
136020,1
136020,2
136020,6
136204,8
136447,5
136449,1
136449,3
136449,16
136469,5
136485,3
136485,5
136485,16
136562,8
136564,8
136598,2
136598,5
136602,11
136602,17
136864,1
136864,2
136864,9
136864,16
137337,7
137595,5
137595,8
137857,2
137857,8
137857,9
138036,1
138036,2
138036,5
138208,2
138208,8
138208,17
138210,8
138212,0
138702,3
138702,4
138702,5
138702,8
138702,15
139052,8
139052,14
139052,17
139120,8
139385,2
139385,8
139415,6
139415,8
139417,9
139525,1
139525,7
139525,8
139642,1
139642,8
139644,6
139644,8
139644,14
139655,8
139655,9
139655,11
139655,17
139721,5
139721,8
139747,15
139757,7
139855,3
139855,5
139855,9
139857,17
140110,5
140162,8
140162,15
140174,8
140247,8
140247,11
140267,11
140481,3
140481,5
140481,16
140523,5
140523,11
140525,6
140525,8
140525,14
140529,11
140529,14
140529,17
140711,1
140711,5
140711,16
140711,17
140713,17
140715,8
140725,6
140725,17
140737,1
140737,9
140737,14
140816,5
140816,8
140928,5
140928,8
140956,1
140956,16
140956,17
141004,8
141004,11
141004,16
141397,8
141397,16
141408,1
141408,5
141408,11
141422,8
141432,8
141544,1
141544,2
141544,16
141688,6
141688,17
141718,5
141718,11
141749,8
141799,5
141799,11
141866,0
141890,8
141890,18
141924,8
141946,1
141946,2
141946,7
142032,1
142032,6
142032,17
142074,6
142074,11
142074,17
142084,7
142084,17
142115,7
142222,8
142372,5
142372,8
142420,1
142420,8
142420,16
142422,5
142424,8
142424,16
142448,2
142448,8
142448,17
142456,0
142488,17
142492,8
142507,8
142509,1
142509,2
142509,16
142536,8
142765,8
142997,3
142997,5
142999,11
142999,17
143245,3
143245,9
143271,8
143347,1
143347,9
143347,16
143355,1
143355,2
143355,9
143365,8
143365,16
143365,17
143367,8
143367,17
143385,8
143385,17
143387,0
143444,5
143444,6
143444,8
143444,14
143476,7
143657,11
143657,17
143859,5
143969,5
144172,11
144482,8
144482,11
144482,16
144606,5
144606,6
144606,8
144606,15
144606,17
144620,2
144620,5
144620,11
144716,5
144976,11
144976,19
145070,11
145070,14
145070,17
145150,5
145150,8
145150,17
145418,8
145839,8
145935,2
145935,3
145935,4
145935,5
146028,6
146028,14
146309,1
146309,2
146309,3
146656,8
146688,9
146688,14
146688,17
146900,1
146900,17
147410,5
147410,8
147750,0
147847,1
147847,6
147847,17
148172,2
148172,16
148172,17
148238,5
148369,1
148369,8
148369,17
148424,5
148424,8
148482,8
148626,8
148652,5
148652,19
148667,5
148671,6
148671,11
148881,3
148881,5
148888,5
148956,5
148956,15
149011,5
149011,8
149011,11
149334,8
149334,17
149352,5
149354,4
149354,5
149406,1
149406,2
149406,3
149830,5
149830,11
149830,15
149830,17
150254,11
150258,1
150258,8
150258,19
150294,11
150294,17
150604,5
151113,5
151113,8
151315,1
151315,5
151317,5
151345,3
151455,5
151605,7
151639,11
151639,17
151675,5
151675,16
151687,4
151687,8
151693,0
151695,8
151695,16
151695,17
151707,2
151707,4
151707,7
151731,2
151731,3
151731,5
151739,5
151759,7
151777,8
151777,17
151781,1
151781,3
151781,6
151781,16
151781,17
151933,8
152017,8
152017,15
152057,8
152059,1
152059,2
152059,8
152061,6
152061,8
152063,2
152063,9
152065,2
152065,8
152071,8
152077,17
152079,1
152079,6
152079,17
152081,1
152081,2
152081,3
152081,4
152081,5
152083,5
152083,18
152091,5
152372,11
152591,1
152970,2
152970,5
154358,7
154915,8
154915,17
154941,8
154941,14
155018,11
155064,8
155064,11
155064,14
155181,5
155288,8
155288,17
155288,18
155392,8
155509,1
155509,5
155509,15
155581,2
155581,5
155625,11
155625,17
155659,5
155659,8
155743,5
155800,5
155812,5
155820,5
155828,17
155832,5
155832,11
155832,17
155874,8
155874,15
155968,6
155968,8
155968,14
155968,17
156000,1
156000,3
156369,7
156371,5
156387,8
156605,0
156607,1
156607,2
156607,8
156607,9
156609,5
156706,6
156706,17
156726,17
156755,8
156944,18
157122,8
157200,8
157200,17
157224,5
157268,5
157268,8
157276,8
157276,17
157296,2
157296,3
157296,5
157312,5
157318,5
157318,8
157326,1
157338,1
157338,8
157338,17
157340,3
157340,5
157361,7
157498,8
157498,17
157667,5
157699,8
157699,17
157797,5
157851,7
157961,14
157961,16
157961,17
158238,6
158238,14
158238,17
158260,5
158260,8
158528,8
158528,17
158783,8
158783,15
158783,17
158813,2
158813,4
158813,9
158830,4
158830,9
158842,7
158872,3
158872,5
158956,1
158956,11
158956,16
158966,8
158972,8
159061,14
159061,17
159077,5
159077,8
159093,1
159093,5
159093,17
159161,0
159191,8
159193,5
159193,8
159193,15
159195,8
159415,5
159415,8
159415,15
159441,5
159447,11
159447,17
159451,8
159690,1
159690,2
159690,5
159717,8
159755,5
159817,7
159819,7
159827,8
159849,5
159858,11
159917,7
160020,7
160080,1
160080,5
160080,11
160080,16
160112,11
160112,16
160271,1
160271,5
160289,7
160400,8
160438,1
160563,1
160563,2
160565,1
160565,11
160565,16
160567,5
160569,2
160569,3
160569,4
160569,5
160571,11
160573,2
160573,4
160573,9
160644,8
160656,8
160684,1
160718,3
160848,3
160954,8
160954,17
160980,8
161127,6
161127,8
161131,5
161348,8
161348,11
161348,17
161354,1
161354,3
161354,6
161354,8
161580,5
161582,6
161582,8
161594,1
161594,2
161594,3
161594,8
161594,9
161594,16
161634,17
161650,11
161650,17
161922,5
161954,18
161956,1
161956,17
161966,17
162082,1
162082,17
162322,1
162322,6
162322,17
162350,1
162350,19
162414,8
162478,1
162478,5
162478,6
162578,2
162578,3
162578,4
162578,9
162590,5
162590,15
162592,8
162594,16
162594,17
162596,8
162598,8
162600,9
162602,17
162606,6
162606,8
162606,17
162726,8
162730,8
162730,17
162738,5
162738,8
162828,6
162828,8
162828,17
162842,5
162882,17
163056,1
163056,2
163056,9
163056,16
163134,3
163134,8
163134,9
163134,15
163645,8
163645,18
163809,2
163809,3
163809,8
163937,11
163937,17
163949,7
163959,8
163971,8
163985,16
163985,17
164107,6
164107,7
164175,8
164175,9
164179,16
164200,3
164200,4
164200,5
164367,8
164367,11
164367,16
164367,17
164411,3
164411,4
164411,8
164540,7
164821,1
164821,16
164821,17
164899,8
164909,5
164909,8
164909,15
164917,7
164931,8
164931,17
164949,8
164981,1
164981,8
164981,15
164981,17
164981,18
164983,11
165087,14
165087,17
165087,19
165101,14
165101,17
165103,5
165105,11
165105,17
165119,5
165141,2
165141,3
165141,4
165219,1
165219,2
165219,16
165337,8
165347,1
165347,6
165347,8
165347,14
165347,17
165441,8
165483,5
165491,7
165503,8
165527,7
165549,8
165551,8
165603,11
165639,5
165639,9
165639,16
165937,8
165947,1
165947,5
165969,7
166024,0
166149,8
166461,2
166461,3
166461,4
166461,5
166461,9
166486,8
166492,5
166526,2
166526,16
166528,1
166528,2
166528,9
166528,16
166532,6
166532,8
166534,8
166534,11
166534,17
166558,1
166558,11
166568,17
166635,2
166635,8
166635,15
166635,16
166643,8
166705,8
166788,8
166918,1
166918,2
166918,17
166946,8
167018,5
167036,3
167036,4
167036,5
167064,7
167370,1
167370,2
167370,16
167380,5
167380,8
167544,8
167544,17
167546,8
167564,5
167570,0
167620,3
167620,4
167620,5
167634,5
167640,8
167640,11
167640,14
167640,17
167738,1
167738,2
167738,6
167738,17
167746,1
167746,3
167746,5
167832,17
168060,11
168122,8
168248,1
168248,6
168248,17
168250,11
168252,1
168252,16
168254,1
168254,2
168254,9
168266,6
168266,8
168278,16
168286,8
168288,1
168288,11
168288,17
168326,5
168326,15
168328,5
168328,8
168330,6
168330,8
168344,1
168344,2
168344,8
168344,9
168366,9
168366,15
168418,3
168418,4
168418,5
168420,1
168420,3
168420,9
168420,11
168492,8
168492,15
168498,1
168498,11
168498,16
168554,1
168554,6
168554,16
168554,17
168608,8
168610,8
168612,1
168612,8
168612,16
168712,8
168712,15
168806,0
169028,8
169028,17
169166,8
169218,8
169218,15
169220,8
169252,3
169252,8
169656,8
169670,11
169692,8
169756,5
169756,8
169756,15
169756,18
169760,8
169764,8
169764,17
169864,11
169864,16
169864,17
169900,1
169900,2
169900,8
169906,6
169906,8
169982,1
169982,2
169982,16
169984,1
169984,11
169984,16
169984,17
169992,1
169992,6
169992,8
170151,5
170153,8
170153,14
170153,17
170355,8
170355,14
170355,15
170357,5
170399,1
170399,5
170399,8
170401,5
170401,8
170403,5
170405,8
170405,16
170411,5
170555,5
170555,17
170629,8
170629,15
170629,16
170635,3
170645,8
170697,8
170705,1
170705,8
170705,18
170709,1
170709,3
170709,16
170729,5
170777,3
170777,4
170777,5
170787,8
170787,15
170813,1
170813,5
170817,1
170817,5
170827,1
170827,2
170827,9
170827,11
170827,17
170875,1
170875,6
170875,8
170875,17
170939,1
170939,3
170939,4
170939,5
170945,11
170945,14
170945,17
170949,8
170949,15
170957,2
170957,3
170957,5
171007,8
171011,7
171207,1
171207,16
171233,5
171233,8
171253,5
171315,8
171315,18
171439,8
171439,11
171495,0
171759,8
171759,17
171759,19
171763,1
171763,6
171763,17
171765,1
171765,2
171765,8
171765,16
171867,5
171867,8
171881,5
172009,8
172547,2
172547,3
172547,4
172547,5
172813,8
173139,11
173139,15
173139,17
173145,1
173145,2
173145,8
173145,16
173197,8
173203,5
173203,15
173203,16
173205,5
173209,5
173209,8
173209,18
173291,1
173291,2
173291,16
173369,8
173925,16
173925,17
173941,17
174055,1
174055,8
174055,17
174055,18
174395,17
174585,1
174585,2
174585,16
174585,17
174727,6
174727,8
174815,5
174909,5
175197,9
175197,11
175197,16
175197,19
175199,11
175277,7
175303,11
175475,3
175475,4
175475,5
175485,11
175485,17
175569,1
175569,6
175569,14
175569,17
175585,1
175585,6
175585,8
175585,17
175655,5
175659,6
175659,8
175659,17
175661,1
175661,5
175809,1
175809,2
175809,8
176073,5
176073,15
176101,1
176101,2
176101,5
176103,1
176103,3
176103,5
176105,8
176105,11
176105,16
176355,1
176355,2
176355,8
176371,16
176419,8
176419,11
176419,14
176419,17
176423,7
176523,4
176551,11
176551,17
176567,11
176567,16
176567,17
176601,0
176603,6
176603,17
176681,1
176681,3
176751,6
176751,17
176921,1
176921,8
176929,11
176929,14
176929,17
176933,1
176933,17
176935,1
176937,11
176937,17
177225,5
177225,8
177231,5
177237,5
177239,8
177243,8
177287,5
177287,11
177497,2
177497,8
177497,19
177593,6
177593,8
177607,1
177607,17
177615,5
177651,8
177689,8
177689,11
177689,14
177689,17
177763,6
177763,8
177763,14
177765,2
177765,3
177765,4
177771,5
177771,6
177771,14
177787,8
177787,17
177867,8
177883,5
178061,8
178335,9
178335,15
178335,17
178401,8
178521,11
178523,6
178523,8
178523,14
178667,11
178667,17
178827,2
178827,3
178827,4
178827,5
178907,1
178907,3
178907,16
179085,11
179119,5
179133,3
179133,6
179133,8
179135,7
179137,0
179173,3
179173,5
179221,1
179221,6
179221,17
179247,1
179247,17
179285,5
179285,11
179331,8
179333,11
179401,1
179401,2
179401,4
179415,1
179415,17
179709,8
179749,5
179749,11
179811,5
179811,8
179815,8
179815,17
179817,8
179817,18
179819,1
179819,2
179819,9
179819,16
179881,5
179881,8
179881,16
179953,5
180031,2
180031,8
180031,9
180045,8
180095,8
180231,5
180231,8
180265,7
180297,5
180297,8
180497,8
180497,17
180555,11
180555,17
180985,8
180987,3
180987,4
180987,5
181075,8
181315,8
181315,15
181671,3
181671,8
181671,18
182479,2
182479,3
182715,2
182715,14
182715,16
182715,17
182819,5
182823,1
182823,6
182823,9
182825,6
182825,8
182825,14
182825,17
182835,8
182835,17
183011,6
183011,8
183011,14
183011,17
183197,5
183309,4
183309,8
183309,9
183309,15
183421,17
183423,7
183497,5
183589,8
183589,15
183611,1
183611,5
183611,6
183611,11
183613,8
183613,17
183619,6
183635,1
183635,14
183635,16
183635,17
183701,8
183701,18
183833,3
183833,4
183833,5
183837,8
183843,1
183843,9
183843,11
183869,0
183897,3
183897,5
183909,0
183915,1
183915,3
183915,16
183915,17
184015,5
184017,14
184017,16
184017,17
184023,8
184023,11
184089,9
184089,11
184239,3
184253,11
184253,14
184253,16
184253,17
184257,6
184257,7
184399,0
184471,1
184471,2
184471,9
184623,1
184623,5
184623,8
184721,8
184721,17
184931,1
184931,6
184931,8
184931,17
184987,2
184987,4
184987,9
184987,16
184997,5
184997,8
185001,5
185029,8
185029,11
185029,17
185031,2
185031,17
185033,8
185033,9
185033,17
185109,8
185109,15
185425,16
185443,5
185473,5
185585,1
185585,9
185585,16
185979,8
185979,11
185987,8
185997,5
186005,5
186005,15
186311,8
186311,15
186587,1
186587,2
186587,16
186863,1
186863,17
186953,8
186983,7
186985,1
186985,3
187031,1
187031,2
187031,8
187031,16
187031,17
187067,5
187231,6
187231,8
187501,8
187505,5
187541,1
187541,2
187541,3
187541,4
187593,1
187593,5
187593,16
187595,1
187595,2
187595,4
187595,16
187601,16
187601,17
187611,8
187717,7
187723,5
187723,15
187815,7
188189,5
188189,9
188189,16
188301,1
188301,2
188301,5
188301,9
188301,16
188303,1
188303,11
188303,16
188303,17
188307,3
188307,4
188307,5
188307,9
188309,1
188309,8
188309,17
188679,8
188679,16
188749,1
188749,6
188749,17
188751,5
188751,15
188773,8
188797,5
189041,1
189041,6
189041,8
189041,17
189203,1
189203,5
189203,11
189203,16
189203,17
189241,16
189241,17
189331,1
189331,5
189333,1
189333,2
189333,17
189363,1
189363,5
189363,6
189363,17
189577,16
189577,17
189713,5
189713,6
189713,8
189783,2
189783,3
189783,5
189805,8
189873,3
189885,17
190085,1
190085,2
190085,14
190085,16
190085,17
190089,5
190551,5
190551,8
190555,8
190939,6
190939,14
190939,17
191351,5
191351,15
191367,1
191367,2
191367,11
191367,16
191483,11
191483,14
191483,17
191489,1
191489,6
191489,17
191799,16
191997,6
191997,8
191997,14
192245,11
192245,17
192283,5
192307,1
192307,11
192307,16
192307,17
192379,8
192381,11
192381,17
192385,8
192385,15
192389,1
192389,11
192389,16
192389,17
192551,1
192559,4
192559,9
192559,11
192559,14
192559,16
192559,17
192579,1
192579,2
192579,4
192579,5
192697,5
192697,8
192697,15
192803,8
193065,8
193147,8
193147,11
193147,17
193175,2
193175,8
193477,1
193477,8
193477,18
193944,5
193944,8
193944,19
194004,11
194016,3
194016,4
194400,6
194400,8
194400,17
194448,5
194448,8
194951,8
194951,16
194951,17
195159,1
195159,2
195159,3
195159,16
195161,4
195161,9
195497,5
195497,8
195777,16
195823,2
195823,4
195823,5
195823,9
196997,8
196997,14
196997,16
196997,17
